user_id,session_length,pages_viewed,time_per_page,actions_count,device_type,time_of_day
103,1.630095099344797,4,0.32601901986895937,13,desktop,22
436,9.017241302157357,5,1.5028735503595596,3,mobile,3
349,4.794736997580961,5,0.7991228329301602,18,mobile,19
271,35.03708554375962,5,5.839514257293271,2,desktop,18
107,18.459132074336345,6,2.637018867762335,17,tablet,9
72,18.22190046469857,8,2.02465560718873,19,mobile,1
189,6.324155711397736,7,0.790519463924717,13,tablet,3
21,5.35834936327349,5,0.8930582272122484,13,tablet,23
103,3.193888921500612,4,0.6387777843001224,1,desktop,5
122,0.5802696384483621,6,0.0828956626354803,2,mobile,6
467,20.0042614000331,8,2.222695711114789,1,mobile,15
215,16.76117439249923,4,3.3522348784998455,5,tablet,6
331,81.72445597818083,3,20.431113994545207,3,tablet,17
459,56.948734007443335,2,18.982911335814446,7,desktop,19
88,8.10651592641394,3,2.026628981603485,13,tablet,21
373,14.652830902062608,9,1.4652830902062608,18,desktop,18
100,28.961716828744358,5,4.826952804790726,7,mobile,8
360,18.947720147092458,4,3.7895440294184914,1,desktop,19
152,2.8415244458114652,7,0.35519055572643315,5,tablet,9
131,5.988268273998645,8,0.665363141555405,17,mobile,12
150,1.3829634431308866,4,0.2765926886261773,8,desktop,17
309,30.802237864417087,4,6.160447572883418,15,mobile,15
258,9.318477025886182,8,1.0353863362095757,4,desktop,21
344,2.596037254184837,5,0.43267287569747287,2,tablet,16
492,11.138295391732502,5,1.8563825652887502,5,tablet,21
414,9.626704347430717,6,1.375243478204388,1,mobile,12
294,4.434204622971061,7,0.5542755778713826,5,mobile,11
386,1.2053912139846927,2,0.4017970713282309,6,mobile,9
192,11.134412835191021,1,5.567206417595511,2,desktop,0
444,7.3461042418603775,7,0.9182630302325472,1,tablet,7
277,14.79807080960515,5,2.466345134934192,4,mobile,20
161,7.343098604235151,4,1.4686197208470302,7,mobile,21
460,19.11770111308484,4,3.8235402226169684,1,mobile,17
314,8.027541190214876,3,2.006885297553719,1,desktop,1
22,8.231145809801472,8,0.914571756644608,8,mobile,15
253,20.927586432297716,7,2.6159483040372145,16,mobile,11
236,5.1664731398811705,1,2.5832365699405853,13,desktop,8
345,1.4388795539029895,2,0.47962651796766315,18,desktop,2
49,0.29205021432094685,4,0.05841004286418937,10,mobile,21
475,14.070574526625856,6,2.010082075232265,12,mobile,20
59,9.683989670606795,4,1.936797934121359,1,desktop,3
170,12.176653477978764,6,1.7395219254255376,10,tablet,1
476,2.3948149349344345,8,0.2660905483260483,9,desktop,7
188,1.4661255122827865,7,0.18326568903534832,3,tablet,9
464,0.14651476265668784,5,0.024419127109447974,19,mobile,15
271,4.316872615150692,2,1.438957538383564,9,mobile,22
190,8.913973756649446,1,4.456986878324723,10,tablet,10
446,4.979818675611507,7,0.6224773344514384,19,desktop,17
175,5.753195628284312,4,1.1506391256568624,16,mobile,21
446,23.450615229814417,1,11.725307614907209,18,tablet,13
51,4.2810261442511175,6,0.6115751634644454,14,desktop,7
364,7.215250280723211,5,1.2025417134538685,3,tablet,22
55,15.308717377197016,8,1.700968597466335,2,desktop,14
244,5.050801312991798,5,0.8418002188319663,1,desktop,16
320,9.730904753530854,4,1.946180950706171,18,desktop,20
131,19.831406436843068,10,1.802855130622097,9,desktop,17
485,29.86190415374668,7,3.732738019218335,13,tablet,5
307,1.5908187931483597,4,0.31816375862967194,2,tablet,22
135,26.116627630420787,8,2.9018475144911986,7,tablet,13
21,6.775027809955306,5,1.1291713016592178,16,tablet,22
329,2.9873545435139577,5,0.49789242391899297,19,tablet,2
167,6.145869673706975,5,1.0243116122844957,15,desktop,6
274,39.13653097580592,2,13.045510325268639,11,mobile,14
388,6.784912926673598,3,1.6962282316683994,1,mobile,20
89,3.9861603210049976,4,0.7972320642009996,7,tablet,23
316,10.034862739576596,9,1.0034862739576595,8,tablet,15
14,2.7462846771560296,0,2.7462846771560296,10,mobile,15
242,0.7889530497623504,5,0.13149217496039173,5,desktop,7
265,1.3797521971241586,5,0.22995869952069312,9,tablet,6
346,1.3701842406700713,5,0.22836404011167855,1,desktop,5
53,1.6475990155667297,5,0.2745998359277883,2,mobile,1
386,1.4946006606751654,4,0.2989201321350331,19,mobile,21
340,10.240840510758066,9,1.0240840510758065,14,tablet,12
92,2.0074635703448163,6,0.2867805100492595,10,desktop,11
367,4.241393157948052,2,1.4137977193160174,9,tablet,14
444,22.709741251283578,6,3.244248750183368,10,mobile,8
455,6.423811416465936,6,0.9176873452094194,6,desktop,1
428,11.012890836523805,6,1.5732701195034007,17,tablet,16
264,1.8912851711321648,5,0.31521419518869415,6,tablet,4
431,2.1355098099509506,2,0.7118366033169835,4,tablet,10
35,0.41727212717565304,5,0.0695453545292755,3,mobile,21
206,1.8504734406558088,3,0.4626183601639522,19,tablet,18
81,3.2654811863114555,3,0.8163702965778639,18,desktop,23
420,1.9481181748310794,3,0.48702954370776985,4,tablet,6
50,0.9288590786036757,6,0.13269415408623939,8,mobile,1
360,1.2855621349335253,6,0.18365173356193218,17,tablet,15
388,6.176293433653791,4,1.2352586867307582,5,mobile,11
2,2.310922063450966,5,0.38515367724182764,13,mobile,22
390,4.5298111551091855,5,0.754968525851531,1,desktop,14
54,7.000051847143304,7,0.875006480892913,13,desktop,0
106,11.724574340125422,5,1.9540957233542369,4,tablet,12
260,0.40105730100015424,3,0.10026432525003856,14,mobile,22
310,16.064942438261195,4,3.2129884876522388,3,mobile,5
477,9.885936903672963,7,1.2357421129591204,5,desktop,12
191,0.8529543037633426,5,0.14215905062722375,7,desktop,17
402,20.681346984880907,7,2.5851683731101134,1,tablet,2
218,25.36693546378928,8,2.8185483848654753,12,mobile,0
44,0.6302282756016341,7,0.07877853445020426,11,desktop,14
162,3.2417684312865083,5,0.5402947385477513,8,tablet,12
202,16.409351832266424,8,1.8232613146962693,6,mobile,4
446,13.793572402143084,4,2.7587144804286168,2,mobile,12
484,2.039796320618005,6,0.2913994743740007,19,desktop,21
270,2.3489903118153324,8,0.26099892353503695,14,tablet,4
351,4.6278511002436975,6,0.6611215857490996,1,desktop,18
304,6.6266256466861435,3,1.6566564116715359,10,tablet,20
271,9.63001834058552,8,1.0700020378428357,16,mobile,23
456,4.603125630003512,4,0.9206251260007023,4,tablet,17
462,6.208911092209176,7,0.776113886526147,11,tablet,20
215,13.762289403898425,2,4.587429801299475,16,tablet,21
252,0.37372952321478464,10,0.033975411201344057,1,tablet,9
190,2.909366218823972,6,0.41562374554628173,16,tablet,23
296,12.494918749560258,4,2.4989837499120515,19,desktop,7
213,22.557667543306135,5,3.759611257217689,9,tablet,14
208,7.167791122084008,6,1.0239701602977154,9,tablet,20
237,7.5952950235306895,4,1.5190590047061379,9,mobile,19
338,1.1336133854066337,5,0.18893556423443894,17,tablet,22
367,5.9314324608355085,6,0.8473474944050726,12,mobile,21
53,7.6060679905529,3,1.901516997638225,13,desktop,3
280,2.7769280326065333,7,0.34711600407581666,8,desktop,1
410,3.1367461187854384,7,0.3920932648481798,16,tablet,23
217,4.73664984802472,8,0.5262944275583021,18,desktop,5
252,0.20275360750314514,4,0.04055072150062903,1,tablet,2
188,3.8872476125613575,7,0.4859059515701697,1,desktop,6
380,2.3755693562362987,3,0.5938923390590747,12,tablet,9
493,3.9674923023198265,4,0.7934984604639653,6,tablet,22
41,1.2756310328478127,4,0.25512620656956253,9,mobile,5
157,22.120798999430246,0,22.120798999430246,5,mobile,15
15,9.003988138795599,1,4.501994069397799,16,mobile,1
301,11.366329578930316,1,5.683164789465158,18,mobile,23
65,15.567090323777911,7,1.945886290472239,17,tablet,16
345,6.900364218488852,5,1.1500607030814753,18,desktop,12
327,0.9093209451745585,5,0.15155349086242642,1,tablet,0
9,7.702583632948226,8,0.8558426258831362,19,mobile,5
344,8.839230578713735,3,2.209807644678434,8,mobile,4
129,13.682166488084093,5,2.280361081347349,3,desktop,12
492,5.6503464938298205,3,1.4125866234574551,5,mobile,22
136,1.3648466672931223,5,0.2274744445488537,8,tablet,17
472,3.337621802617039,1,1.6688109013085195,19,tablet,11
63,4.511148254746234,7,0.5638935318432793,18,tablet,6
139,10.382246116218617,2,3.4607487054062056,18,tablet,14
499,8.457817212014195,4,1.691563442402839,1,tablet,2
81,4.402067596518061,6,0.6288667995025802,15,desktop,15
392,43.06195772169812,7,5.382744715212265,18,tablet,0
163,9.308330084672093,9,0.9308330084672093,7,mobile,15
419,2.7079452875679992,4,0.5415890575135999,16,mobile,23
289,1.0734300462488686,1,0.5367150231244343,16,mobile,11
379,1.6588829258982587,4,0.33177658517965175,15,mobile,18
261,2.8230684939514097,6,0.40329549913591567,6,desktop,7
490,1.7516487495429403,3,0.43791218738573506,9,mobile,22
231,2.064917454545804,4,0.4129834909091608,7,desktop,11
41,3.3560584821544652,2,1.118686160718155,14,mobile,14
28,1.90402433662887,6,0.2720034766612672,11,desktop,1
135,22.707514493559152,8,2.523057165951017,16,desktop,16
201,0.8363571259200016,7,0.1045446407400002,6,desktop,6
328,7.434123501127027,2,2.4780411670423423,16,mobile,12
268,5.283055564893023,6,0.7547222235561462,16,desktop,0
418,40.3864216601592,9,4.03864216601592,12,tablet,5
33,1.188273456974049,3,0.29706836424351224,17,tablet,12
48,5.072579937424305,8,0.5636199930471449,5,mobile,10
407,34.89059664126715,7,4.361324580158394,13,tablet,9
62,20.062440619681546,6,2.866062945668792,8,tablet,15
216,16.986630340361796,10,1.5442391218510723,5,tablet,23
293,2.9827508353350463,5,0.49712513922250773,12,mobile,22
99,1.873995327864875,5,0.31233255464414583,9,mobile,19
172,11.045595986817835,5,1.840932664469639,3,tablet,16
360,26.503850949599553,5,4.4173084915999254,3,mobile,16
214,8.136504219047422,4,1.6273008438094845,1,desktop,3
475,8.477275614585865,10,0.770661419507806,18,tablet,4
35,3.284750308106508,3,0.821187577026627,12,mobile,22
449,14.674737584120885,2,4.891579194706962,9,mobile,13
227,2.0707798214607083,6,0.2958256887801012,9,tablet,19
101,3.910878131192326,4,0.7821756262384653,18,mobile,9
431,5.541445500698305,4,1.108289100139661,18,tablet,13
462,7.084849626446985,8,0.787205514049665,7,mobile,0
131,2.7761258356960585,5,0.4626876392826764,4,desktop,10
257,1.2198327214413545,4,0.2439665442882709,13,tablet,22
5,9.431996574293565,7,1.1789995717866957,17,desktop,17
218,3.4056336843654176,4,0.6811267368730836,2,tablet,15
255,8.704530682924435,2,2.9015102276414786,14,mobile,17
398,1.676647527706798,2,0.5588825092355993,3,desktop,7
359,6.561213780285275,3,1.6403034450713188,5,mobile,9
283,7.605472481290779,3,1.9013681203226946,14,tablet,9
393,0.5321465145712133,8,0.05912739050791259,3,tablet,4
207,4.103836013804233,6,0.5862622876863189,7,tablet,9
15,1.443493268319316,0,1.443493268319316,18,tablet,17
346,0.6547225877252488,8,0.07274695419169432,13,tablet,20
42,46.012013113953245,5,7.668668852325541,10,desktop,23
380,3.8913002251942026,4,0.7782600450388405,13,tablet,5
461,16.600706137698985,5,2.766784356283164,16,mobile,2
179,2.938888342934014,7,0.36736104286675175,9,desktop,7
63,11.441413510203516,6,1.634487644314788,2,mobile,8
352,14.280662228282086,3,3.5701655570705215,5,tablet,4
231,9.054465941691397,4,1.8108931883382795,17,mobile,1
241,6.378566440452717,2,2.126188813484239,4,desktop,1
52,5.307578135053777,4,1.0615156270107555,17,desktop,6
96,4.290433017039748,1,2.145216508519874,9,desktop,16
388,26.52556048220781,9,2.652556048220781,2,mobile,9
222,17.75607071141798,3,4.439017677854495,18,desktop,11
485,33.53176389415692,1,16.76588194707846,11,mobile,1
407,1.3272854183610554,5,0.22121423639350923,13,tablet,9
231,13.125513634605074,4,2.625102726921015,8,tablet,19
237,27.861272652612406,6,3.980181807516058,1,mobile,0
143,1.9995580970079767,5,0.3332596828346628,17,desktop,3
171,0.6881031747249687,8,0.07645590830277431,12,mobile,12
29,13.513931531886222,5,2.252321921981037,4,mobile,11
36,8.544271441986698,7,1.0680339302483373,13,mobile,10
13,18.44077141321478,4,3.688154282642956,9,tablet,9
160,1.505582464141926,1,0.752791232070963,7,mobile,14
327,15.860501110318681,5,2.6434168517197802,5,tablet,4
187,2.2517977306702295,4,0.4503595461340459,5,mobile,16
243,1.78715198965518,3,0.446787997413795,17,tablet,4
86,1.794446565599507,2,0.5981488551998356,9,mobile,1
284,16.851032825640086,12,1.2962332942800066,6,mobile,8
66,10.942136390159689,5,1.8236893983599483,19,desktop,5
170,7.403759563460444,10,0.6730690512236767,16,desktop,17
45,4.444614016780681,6,0.6349448595400974,2,mobile,13
62,20.972026672943326,1,10.486013336471663,10,mobile,18
441,4.98312749697445,6,0.7118753567106356,16,mobile,13
134,16.960826628480696,2,5.653608876160232,5,mobile,7
284,5.782748811138804,4,1.1565497622277607,15,desktop,16
28,4.731195658177371,5,0.7885326096962285,13,tablet,2
108,6.2116105989960255,8,0.6901789554440029,13,mobile,9
44,3.5864527543064204,4,0.7172905508612841,13,desktop,16
340,13.767773129369393,2,4.5892577097897975,15,mobile,10
286,6.98602815695596,1,3.49301407847798,14,mobile,7
446,2.6424253099706525,8,0.2936028122189614,8,tablet,0
331,22.983398495505835,8,2.553710943945093,11,mobile,12
128,4.843317423587113,4,0.9686634847174226,18,mobile,20
348,7.8428238217776345,1,3.9214119108888172,4,tablet,3
473,23.694956087096266,9,2.3694956087096264,10,tablet,6
231,9.787993038573306,4,1.9575986077146612,1,tablet,13
190,1.2431461585777974,2,0.4143820528592658,5,tablet,4
225,28.106166839322093,4,5.621233367864418,13,desktop,23
385,9.880769289348262,3,2.4701923223370654,1,desktop,10
377,4.078263155513094,8,0.45314035061256597,8,desktop,16
283,1.499768206164258,9,0.1499768206164258,3,mobile,4
446,15.800013956802669,4,3.160002791360534,3,tablet,19
121,9.677755075628523,4,1.9355510151257047,7,tablet,2
116,7.624138580490282,5,1.270689763415047,4,desktop,4
461,22.433033305364454,11,1.8694194421137045,3,mobile,14
233,15.539900136960721,8,1.7266555707734135,15,mobile,18
259,1.644913201263409,6,0.23498760018048698,8,mobile,15
359,3.735625513958005,2,1.2452085046526682,3,desktop,7
198,2.8566961854883792,8,0.3174106872764866,7,mobile,12
456,13.623680618684116,7,1.7029600773355145,18,mobile,15
411,0.3410753985783793,6,0.048725056939768474,11,mobile,2
137,8.43713556386143,5,1.4061892606435717,11,tablet,0
318,14.374137158597788,3,3.593534289649447,17,desktop,8
165,20.93667344385938,5,3.4894455739765635,6,tablet,8
225,4.186745935450927,3,1.0466864838627317,8,tablet,21
307,17.21807963541003,3,4.304519908852508,1,desktop,16
234,1.1724388509877735,7,0.14655485637347168,10,tablet,23
172,18.737439572116877,4,3.7474879144233753,19,mobile,1
152,1.3637963052807085,4,0.2727592610561417,3,mobile,8
463,5.0631463120986435,6,0.723306616014092,4,mobile,23
315,15.960053633264899,6,2.2800076618949854,11,mobile,18
374,1.6242178992041616,3,0.4060544748010404,15,desktop,12
160,2.6039302244475095,4,0.5207860448895019,1,tablet,4
96,12.810430976449055,6,1.8300615680641508,9,tablet,8
472,12.730961719916946,6,1.8187088171309924,11,mobile,12
233,10.248442087373908,6,1.4640631553391297,19,mobile,0
180,11.84001709087617,6,1.69143101298231,13,tablet,14
113,7.824691011956382,3,1.9561727529890955,16,desktop,3
318,2.9008369925940993,5,0.48347283209901654,4,tablet,3
497,4.241831937932634,2,1.4139439793108781,1,mobile,19
442,2.0040127451653182,5,0.3340021241942197,13,mobile,9
52,23.908761393236517,3,5.977190348309129,1,desktop,5
268,8.756090546365986,3,2.1890226365914964,5,tablet,23
295,5.122456594790224,5,0.8537427657983706,5,desktop,11
386,6.199075063211633,11,0.5165895886009694,14,desktop,19
387,29.42823736997211,7,3.6785296712465136,14,mobile,15
113,1.6646955012850069,7,0.20808693766062586,8,tablet,2
101,8.824446091085541,4,1.764889218217108,4,mobile,13
113,7.049944407931773,1,3.5249722039658864,7,tablet,0
440,9.453443180030728,4,1.8906886360061457,19,mobile,9
81,0.18276180406497233,5,0.03046030067749539,15,mobile,14
187,20.566935225406965,4,4.113387045081393,4,tablet,6
113,26.89988536691252,4,5.379977073382504,19,tablet,3
2,8.327154639433976,7,1.040894329929247,9,mobile,13
130,11.928707405259582,6,1.704101057894226,13,tablet,23
220,25.574693578456262,8,2.8416326198284736,14,mobile,15
54,12.283974533925182,4,2.4567949067850363,14,tablet,13
343,1.655105091241217,3,0.41377627281030427,10,mobile,2
485,8.587021498525601,0,8.587021498525601,16,mobile,16
224,9.33220857034015,4,1.86644171406803,5,mobile,20
225,5.518745039228211,1,2.7593725196141055,6,desktop,13
385,13.334903038833922,4,2.666980607766784,2,tablet,17
403,27.236768857624746,3,6.8091922144061865,13,mobile,2
126,25.978762130541174,5,4.329793688423529,13,desktop,21
130,5.9936429630361765,6,0.8562347090051681,19,mobile,18
53,1.2017870455178419,6,0.17168386364540597,18,desktop,2
172,41.89173989120707,4,8.378347978241413,19,mobile,11
218,18.25718110818443,4,3.651436221636886,1,mobile,21
160,1.331459597170634,5,0.22190993286177232,8,desktop,4
198,25.36307940963276,1,12.68153970481638,16,desktop,9
416,20.394239312268635,9,2.0394239312268634,2,tablet,8
247,7.315513859686492,7,0.9144392324608115,8,tablet,0
324,8.94713786829075,5,1.491189644715125,6,desktop,12
439,5.091648434090136,4,1.0183296868180272,16,tablet,2
203,0.5631814924329379,5,0.09386358207215632,11,desktop,18
184,4.082648863007411,4,0.8165297726014822,17,tablet,10
123,16.238079110661786,1,8.119039555330893,19,mobile,15
401,0.04642784066342885,3,0.011606960165857213,11,tablet,5
255,4.057138965901687,7,0.5071423707377108,8,mobile,23
294,5.077780948546781,6,0.725397278363826,4,mobile,2
280,7.708830241238818,10,0.7008027492035289,11,tablet,18
325,25.239254761530418,4,5.047850952306083,8,desktop,5
372,4.251771108907901,5,0.7086285181513169,9,mobile,7
98,4.261064859584953,6,0.6087235513692789,2,mobile,21
198,13.375089516655656,6,1.910727073807951,16,tablet,12
470,6.018777734923394,8,0.668753081658155,6,desktop,11
395,2.5438247370272538,4,0.5087649474054508,19,desktop,9
240,6.022823505761551,3,1.5057058764403877,8,tablet,2
144,1.5181992193138705,3,0.3795498048284676,14,desktop,3
97,1.9405450320809674,9,0.19405450320809675,16,tablet,0
201,6.898880428028177,7,0.8623600535035221,12,tablet,12
124,5.42876216256007,2,1.8095873875200235,5,tablet,23
187,24.632927352528128,2,8.210975784176043,19,mobile,3
326,4.500345830397283,4,0.9000691660794565,18,mobile,21
464,8.68902383785272,6,1.2412891196932456,9,mobile,10
349,10.00390772517848,9,1.000390772517848,2,tablet,18
259,0.13180944825659227,11,0.010984120688049355,12,mobile,10
148,10.89268197035989,4,2.178536394071978,2,mobile,11
252,1.9605864019924821,7,0.24507330024906027,10,mobile,10
443,32.45998272272426,7,4.057497840340533,1,tablet,5
420,1.6094690431018008,3,0.4023672607754502,4,tablet,11
403,5.355011145366069,7,0.6693763931707586,12,tablet,8
346,0.8921343765050314,5,0.14868906275083857,9,mobile,9
451,57.68081615150759,2,19.226938717169197,4,desktop,2
147,6.975468656582261,9,0.6975468656582261,9,mobile,2
148,9.048193240889457,6,1.2925990344127796,6,mobile,19
352,0.6943205082825417,3,0.17358012707063541,1,tablet,22
199,13.86136255215999,6,1.9801946503085701,10,tablet,15
308,2.356028382502632,3,0.589007095625658,14,mobile,2
489,22.833148568116304,2,7.611049522705435,18,mobile,9
417,2.2958882816083332,8,0.2550986979564815,6,desktop,23
424,2.1157042980881586,4,0.4231408596176317,18,desktop,10
128,0.37234341857672165,5,0.062057236429453606,16,tablet,7
39,6.387857932954639,4,1.2775715865909278,15,desktop,5
338,8.320441036761805,3,2.0801102591904512,16,desktop,19
360,0.6796694017915648,4,0.13593388035831294,8,tablet,10
129,14.940025935983723,3,3.7350064839959307,13,desktop,20
267,6.038346502936217,11,0.5031955419113514,11,mobile,11
476,7.431576545925969,6,1.0616537922751383,7,desktop,15
441,5.811814717875803,5,0.9686357863126339,17,tablet,17
473,5.120982012749213,5,0.8534970021248688,18,mobile,12
434,8.201634571378747,5,1.3669390952297913,19,desktop,21
151,1.6870300676095549,3,0.4217575169023887,13,mobile,2
415,2.008050862086255,6,0.286864408869465,15,mobile,14
478,19.789493282961402,4,3.9578986565922802,1,desktop,21
298,29.209117092646856,5,4.868186182107809,16,desktop,20
99,4.673021874751385,3,1.1682554686878464,5,tablet,13
263,3.15731365692666,7,0.3946642071158325,3,tablet,17
252,10.328232650944571,3,2.5820581627361427,10,mobile,13
144,5.254895676072463,6,0.7506993822960661,19,tablet,4
346,0.2571414873264703,7,0.03214268591580879,5,mobile,20
112,1.697836032995106,1,0.848918016497553,7,mobile,13
500,12.586832598530455,6,1.7981189426472077,14,tablet,7
60,10.756497823175357,4,2.1512995646350714,3,tablet,22
369,0.27469857884440096,2,0.09156619294813366,13,tablet,14
2,2.50992973866705,2,0.83664324622235,13,desktop,14
385,2.62761578950931,5,0.43793596491821835,10,mobile,18
304,11.144147228278518,5,1.857357871379753,2,mobile,19
254,0.19907381292139403,3,0.04976845323034851,6,mobile,5
140,1.099360586013728,5,0.18322676433562135,8,tablet,18
453,16.090184272962414,11,1.3408486894135345,4,tablet,7
37,1.9667770945178533,2,0.6555923648392844,12,tablet,5
160,10.576990889205769,6,1.510998698457967,15,tablet,19
9,2.7204862220899524,5,0.4534143703483254,8,tablet,22
233,1.0474003348487133,3,0.2618500837121783,7,desktop,14
99,2.786195164114473,4,0.5572390328228946,14,tablet,2
147,12.810948130970319,10,1.164631648270029,19,mobile,9
304,19.358363374539294,1,9.679181687269647,14,tablet,14
208,17.732509999755642,8,1.970278888861738,13,mobile,23
131,5.061424894750885,3,1.2653562236877212,1,tablet,15
404,11.02876778404595,5,1.8381279640076584,19,tablet,16
152,2.293934103289808,4,0.4587868206579616,1,mobile,18
54,3.4693358861251684,11,0.28911132384376403,4,mobile,10
120,22.665986286309042,3,5.666496571577261,10,mobile,15
161,0.13087188396285002,4,0.026174376792570002,3,mobile,4
408,0.8938713963044913,3,0.22346784907612283,9,desktop,4
116,2.330502802398152,3,0.582625700599538,3,mobile,13
75,0.26890535224316886,8,0.029878372471463206,6,tablet,17
113,2.0020300329027276,1,1.0010150164513638,6,tablet,7
456,8.747687287443666,5,1.457947881240611,12,desktop,4
420,5.471863183678004,7,0.6839828979597505,1,mobile,6
422,22.318630208218273,3,5.579657552054568,16,tablet,15
104,17.006959030194785,7,2.125869878774348,5,desktop,22
340,4.1827280516903205,5,0.6971213419483867,9,tablet,13
254,3.0032625214727853,7,0.37540781518409816,10,desktop,4
227,4.7753980810853776,5,0.7958996801808963,13,desktop,23
112,8.923177501433052,7,1.1153971876791315,15,mobile,8
473,3.120617098152729,5,0.5201028496921215,12,desktop,3
99,9.785622455470875,4,1.957124491094175,5,tablet,3
153,5.266360392798112,5,0.8777267321330187,5,tablet,15
349,8.030673665148445,11,0.6692228054290371,18,mobile,23
402,5.72925395091112,7,0.71615674386389,12,mobile,16
384,3.4879997526233315,6,0.4982856789461902,3,desktop,14
366,29.652672211522034,3,7.413168052880509,7,mobile,3
338,14.422545037326362,0,14.422545037326362,17,tablet,5
194,1.5095449812302086,10,0.13723136193001897,19,tablet,15
310,20.285049277193238,5,3.380841546198873,18,mobile,3
163,6.683203296619165,5,1.1138672161031942,1,mobile,5
208,22.495394902897434,3,5.623848725724359,5,mobile,4
445,16.087144539299004,4,3.2174289078598006,2,desktop,15
169,5.537566192586073,2,1.845855397528691,1,desktop,15
484,0.22725589477540115,2,0.07575196492513371,7,tablet,9
161,3.129005477764867,7,0.3911256847206084,11,desktop,8
68,7.800877556797962,3,1.9502193891994906,11,desktop,3
289,10.036973319345364,1,5.018486659672682,18,desktop,13
398,2.982546799289389,3,0.7456366998223473,17,desktop,3
277,1.5007441883071553,7,0.1875930235383944,2,tablet,11
304,18.013870871623915,5,3.0023118119373193,7,mobile,23
404,41.60624163187234,5,6.934373605312056,7,tablet,9
384,7.458945469720869,4,1.4917890939441738,10,desktop,3
392,1.8835486366007392,5,0.3139247727667899,3,mobile,17
135,3.1787647172893285,5,0.5297941195482214,12,mobile,12
195,0.18561887410766006,3,0.046404718526915016,3,mobile,12
401,24.56888527693557,3,6.142221319233893,11,tablet,13
128,1.25281043846203,6,0.17897291978029,12,mobile,17
33,8.592406688681558,6,1.227486669811651,4,tablet,0
176,3.2028132860279293,4,0.6405626572055858,16,tablet,20
460,8.078355154069852,9,0.8078355154069852,18,desktop,15
443,10.53888633986027,6,1.5055551914086098,4,desktop,14
371,17.7043919242236,5,2.9507319873706,6,mobile,21
470,2.3120252750453583,5,0.385337545840893,15,mobile,4
375,0.11056729631697196,4,0.02211345926339439,1,desktop,5
22,1.4720807068739052,10,0.13382551880671867,3,tablet,5
238,23.027715288531816,6,3.289673612647402,5,tablet,2
158,20.706013520531226,2,6.902004506843742,17,desktop,15
38,9.098443101964925,4,1.819688620392985,14,tablet,11
230,9.175837185053469,3,2.2939592962633673,9,desktop,3
365,10.937342294075126,2,3.645780764691709,3,desktop,0
51,1.9282202863855216,5,0.32137004773092026,13,mobile,3
438,24.582095607713015,6,3.511727943959002,3,mobile,0
264,5.426096343463181,5,0.9043493905771968,11,desktop,20
283,4.8311079932786845,10,0.43919163575260767,2,mobile,7
27,7.31716932622681,5,1.2195282210378016,15,desktop,23
226,0.48104664291977217,5,0.0801744404866287,13,tablet,4
277,1.8186170504927233,4,0.36372341009854464,19,tablet,1
286,13.395390904239633,4,2.6790781808479265,16,tablet,11
97,0.8642827567184359,3,0.21607068917960898,18,tablet,21
284,9.242022189851156,6,1.320288884264451,7,desktop,16
367,2.815000336004408,4,0.5630000672008816,13,tablet,6
448,4.931422569251883,2,1.643807523083961,4,tablet,10
481,3.4065219195414596,9,0.340652191954146,9,tablet,3
453,4.395484777228535,5,0.7325807962047558,10,tablet,4
317,12.695639866386868,9,1.2695639866386867,9,desktop,5
304,3.5257153960555088,5,0.5876192326759181,7,tablet,10
147,8.356435307057023,5,1.392739217842837,15,mobile,0
4,6.463597866902617,1,3.2317989334513086,8,mobile,9
35,10.896659230926783,5,1.8161098718211306,19,mobile,19
192,27.61921647512969,8,3.0688018305699654,11,mobile,23
49,13.189052712550428,6,1.8841503875072039,5,mobile,20
17,2.4199561324404733,2,0.8066520441468245,2,mobile,10
172,0.31679678824257845,5,0.05279946470709641,10,desktop,23
220,3.041693020055879,5,0.5069488366759799,16,mobile,16
158,9.040606518730973,4,1.8081213037461947,13,tablet,7
477,0.5279527809977468,6,0.07542182585682097,8,mobile,12
46,6.859059560261889,5,1.1431765933769815,9,desktop,19
373,9.084288399875602,6,1.2977554856965146,11,mobile,17
6,4.068318779381004,5,0.678053129896834,11,tablet,21
99,14.736499591467346,4,2.9472999182934694,16,tablet,15
380,1.12718914764678,7,0.1408986434558475,10,desktop,1
233,0.7811050579224701,5,0.13018417632041168,12,desktop,4
37,13.026474102163927,7,1.628309262770491,6,desktop,17
280,6.841702266630686,6,0.977386038090098,12,desktop,2
349,11.660426557331409,4,2.332085311466282,10,mobile,21
497,5.706239991288573,8,0.6340266656987303,18,mobile,16
302,2.828962537585316,4,0.5657925075170632,18,tablet,15
181,17.09823698571196,3,4.27455924642799,4,desktop,5
95,16.0652156396019,5,2.67753593993365,9,desktop,18
99,11.864488197091214,10,1.0785898360992012,7,mobile,6
188,3.1765361498803206,6,0.45379087855433153,18,desktop,17
481,8.921608797234642,4,1.7843217594469283,8,tablet,13
116,4.478099755798221,3,1.1195249389495552,11,tablet,5
191,0.9605073460665323,3,0.24012683651663308,7,desktop,7
253,24.926998435376415,5,4.1544997392294025,9,tablet,14
469,1.4713044881952002,2,0.49043482939840005,8,tablet,14
416,30.004906531227626,6,4.286415218746804,3,mobile,14
471,5.906010127908722,2,1.9686700426362407,17,tablet,15
161,2.047302819134658,5,0.341217136522443,2,desktop,0
256,7.806698461517366,2,2.6022328205057885,15,desktop,10
323,20.631417942820587,6,2.947345420402941,14,tablet,4
128,13.176077791304737,3,3.294019447826184,18,desktop,4
18,16.427938260737573,5,2.7379897101229287,16,mobile,20
281,10.752377151704026,2,3.5841257172346754,4,tablet,5
490,11.785538361415322,6,1.683648337345046,6,tablet,1
223,18.917719880502794,6,2.702531411500399,6,tablet,5
54,2.8723951554012013,7,0.35904939442515016,11,desktop,13
58,6.722176661712414,6,0.960310951673202,17,desktop,10
323,2.5001312910612232,6,0.35716161300874616,3,tablet,3
360,43.95558417405329,4,8.791116834810659,13,desktop,23
174,28.834637873204144,4,5.766927574640829,3,desktop,8
280,0.4022510120537909,7,0.05028137650672386,16,tablet,23
114,12.227315631957289,5,2.037885938659548,15,tablet,2
288,25.935835574752556,5,4.322639262458759,11,desktop,15
431,1.9915282538785002,8,0.22128091709761114,18,tablet,10
342,8.392029176459022,4,1.6784058352918045,15,tablet,3
151,24.708652641255302,2,8.2362175470851,5,tablet,0
450,0.3453552354421181,3,0.08633880886052953,16,tablet,20
127,11.954104568928853,4,2.3908209137857708,16,desktop,21
155,3.5289496474521282,6,0.5041356639217326,17,tablet,15
490,25.822486713556756,9,2.582248671355676,9,mobile,18
386,35.424699226222536,3,8.856174806555634,3,tablet,15
474,28.871736812409743,5,4.811956135401624,13,mobile,10
273,6.4286140519845825,3,1.6071535129961456,3,tablet,7
104,19.808107067353582,2,6.602702355784527,7,mobile,22
417,18.614272732990788,4,3.7228545465981577,6,mobile,0
393,3.8434052151953435,9,0.38434052151953435,9,tablet,20
299,17.655975413946532,4,3.5311950827893064,12,tablet,8
246,0.37709795268909724,5,0.0628496587815162,15,tablet,11
176,9.070086402878069,8,1.0077873780975632,3,mobile,21
39,2.613762411972857,8,0.2904180457747619,10,desktop,7
477,1.2847776747164406,5,0.2141296124527401,1,desktop,16
170,0.8007534330438275,3,0.20018835826095688,19,tablet,9
247,11.91677949688237,9,1.191677949688237,19,desktop,6
26,4.153260130685671,2,1.3844200435618903,13,desktop,18
355,12.901364372203776,8,1.433484930244864,12,tablet,5
306,0.6758993548947433,7,0.08448741936184291,1,mobile,20
409,3.787603814176782,6,0.5410862591681117,19,tablet,23
408,7.7542351440004955,9,0.7754235144000495,16,desktop,23
13,15.640973333379875,3,3.910243333344969,15,mobile,18
316,3.8382960704015896,6,0.54832801005737,16,desktop,17
391,9.832090864021627,7,1.2290113580027033,11,mobile,14
313,21.713616587242697,7,2.714202073405337,6,desktop,1
36,9.567565090720862,5,1.5945941817868103,11,tablet,13
173,2.6521564296584947,5,0.4420260716097491,3,desktop,20
20,0.24703413744155223,1,0.12351706872077611,15,desktop,9
321,20.409816863741813,7,2.5512271079677267,1,mobile,15
264,0.21498864160261313,4,0.04299772832052263,7,desktop,6
494,20.770577666041703,7,2.596322208255213,1,tablet,7
400,7.527637204695544,5,1.2546062007825907,17,tablet,9
142,27.979918427926627,5,4.663319737987771,9,tablet,14
460,16.03372523023125,3,4.008431307557813,13,mobile,7
371,61.82194410847326,5,10.30365735141221,11,mobile,12
471,4.318786168482837,5,0.7197976947471395,6,desktop,11
143,14.575252591114578,4,2.9150505182229156,1,desktop,7
92,5.140490026229409,3,1.2851225065573522,7,desktop,14
354,6.536873042851913,3,1.6342182607129783,12,mobile,11
322,9.875329076281155,5,1.6458881793801925,19,mobile,10
288,20.6891406403239,10,1.8808309673021726,17,desktop,18
215,41.403970368413084,2,13.801323456137695,4,mobile,13
447,14.621971103392251,5,2.4369951838987087,3,mobile,17
342,5.408841935911418,3,1.3522104839778546,1,tablet,12
51,5.470695758190241,4,1.0941391516380483,18,tablet,3
153,13.378177759736655,6,1.9111682513909507,15,desktop,16
186,2.728291200595943,3,0.6820728001489857,8,desktop,18
63,1.1706666958066148,4,0.23413333916132295,1,tablet,8
190,4.379193315941165,4,0.8758386631882329,14,mobile,22
125,3.38609106417826,5,0.5643485106963767,4,desktop,6
150,3.5141468973230556,8,0.3904607663692284,5,desktop,0
314,2.6606116595949674,5,0.4434352765991612,13,desktop,6
58,0.43004780937347326,6,0.06143540133906761,15,mobile,6
342,0.1803560283194906,3,0.04508900707987265,6,tablet,19
305,43.99977979112302,4,8.799955958224604,1,desktop,6
180,5.58219746892102,5,0.93036624482017,19,tablet,7
170,4.850387274553178,6,0.6929124677933112,13,tablet,15
326,11.38332648626447,7,1.4229158107830588,6,mobile,2
271,2.4622525594093334,5,0.41037542656822223,15,mobile,12
54,29.94956253739776,2,9.98318751246592,16,mobile,9
491,15.433927818755862,6,2.2048468312508374,16,mobile,17
444,0.9366363864100695,4,0.1873272772820139,10,mobile,6
101,5.405647740333897,2,1.8018825801112992,9,mobile,20
481,21.129429601408532,4,4.225885920281707,9,desktop,20
264,28.955616031208322,2,9.651872010402775,17,tablet,4
53,6.299874431013923,3,1.5749686077534808,17,mobile,22
60,9.503941725764365,4,1.900788345152873,17,desktop,23
492,1.8276238925679855,7,0.2284529865709982,12,tablet,21
108,47.294446860928126,5,7.882407810154688,13,mobile,6
5,2.635381650176833,5,0.43923027502947215,12,mobile,21
103,28.60009331493888,7,3.57501166436736,14,desktop,16
196,10.4881305946856,9,1.04881305946856,10,tablet,3
262,9.358222228721939,7,1.1697777785902423,19,mobile,23
365,7.188517525924412,6,1.0269310751320588,2,tablet,22
480,2.622350280519626,6,0.37462146864566087,4,desktop,15
372,1.9422577002336727,9,0.19422577002336727,19,mobile,18
350,2.4908489862050676,2,0.8302829954016892,7,tablet,9
47,2.063334635545502,3,0.5158336588863754,15,desktop,2
355,15.122407575727966,9,1.5122407575727965,15,desktop,2
311,4.309756410730744,3,1.077439102682686,6,mobile,16
424,0.5958300833276848,8,0.06620334259196498,3,tablet,9
308,34.770842165267744,5,5.795140360877958,6,mobile,16
144,21.523209700260004,4,4.304641940052001,16,mobile,21
269,26.276545538067545,9,2.6276545538067544,2,tablet,16
370,52.80049769049707,2,17.600165896832355,7,tablet,20
124,1.9103369657618532,5,0.3183894942936422,11,tablet,3
106,5.045818548938808,10,0.45871077717625525,7,desktop,20
158,14.198034754812706,5,2.3663391258021176,4,desktop,22
147,11.907954024213375,4,2.381590804842675,7,tablet,5
145,1.6711288479350686,7,0.20889110599188357,4,desktop,11
120,16.91913002986315,3,4.229782507465788,12,mobile,21
319,2.541706672405863,6,0.3631009532008376,5,tablet,19
275,2.5336775396964306,3,0.6334193849241077,19,mobile,16
92,7.69972984290837,3,1.9249324607270926,5,tablet,16
58,8.98794524186919,4,1.797589048373838,19,mobile,9
439,8.677058455294674,1,4.338529227647337,3,tablet,6
346,0.9594590297101374,2,0.3198196765700458,11,mobile,15
229,20.993248112914237,4,4.198649622582847,7,tablet,12
474,3.0870149766701553,5,0.5145024961116925,17,tablet,2
117,1.387046609694003,8,0.15411628996600035,9,desktop,1
318,21.959580984800336,7,2.744947623100042,9,mobile,15
279,31.156763527532792,7,3.894595440941599,10,desktop,5
127,19.814267844749622,2,6.604755948249874,13,mobile,5
393,16.581874697336122,6,2.368839242476589,15,desktop,12
396,10.6491250119862,8,1.1832361124429112,5,tablet,6
129,8.004147815698987,6,1.1434496879569982,3,desktop,4
58,0.9100489675235081,4,0.18200979350470162,8,desktop,23
122,5.250144999102648,4,1.0500289998205297,10,tablet,6
1,4.663120786306162,4,0.9326241572612324,13,desktop,1
239,3.007724234762845,1,1.5038621173814224,3,tablet,16
290,12.852555799970684,6,1.836079399995812,8,mobile,12
96,6.849324839176536,8,0.7610360932418373,9,desktop,20
126,0.8451944723555854,7,0.10564930904444818,12,tablet,20
118,2.486962611804165,7,0.3108703264755206,11,tablet,15
48,11.49670127597249,6,1.6423858965674984,2,desktop,19
89,0.7918484019491232,6,0.11312120027844617,18,mobile,1
488,19.051986230442047,4,3.8103972460884092,9,desktop,4
237,6.834870443120784,3,1.708717610780196,2,tablet,17
373,6.550551374355909,6,0.9357930534794157,2,mobile,6
385,8.974880765880748,3,2.243720191470187,3,desktop,10
272,17.411479129444768,10,1.5828617390404334,16,tablet,10
189,4.274181339452152,5,0.7123635565753587,19,desktop,21
487,11.33253897922851,6,1.618934139889787,4,mobile,16
192,8.340933410349736,6,1.191561915764248,18,mobile,15
447,3.1064814560107075,4,0.6212962912021415,18,mobile,12
69,21.089114354403584,6,3.012730622057655,10,mobile,21
278,15.966501337527326,5,2.6610835562545545,11,mobile,4
349,10.74266569384876,3,2.68566642346219,17,desktop,19
247,19.010057185416066,2,6.336685728472022,16,mobile,15
451,20.1962063822053,3,5.049051595551325,13,mobile,21
76,12.322453209093108,2,4.1074844030310365,2,tablet,21
154,18.140868506209323,8,2.0156520562454805,2,mobile,15
144,11.955796643719838,7,1.4944745804649797,14,tablet,15
435,11.398742917288649,4,2.27974858345773,4,tablet,13
485,9.639364190221881,3,2.4098410475554704,17,tablet,5
86,13.972203916260641,3,3.4930509790651603,13,desktop,1
185,1.7269417546127899,6,0.24670596494468428,4,desktop,13
285,21.275463180521534,5,3.5459105300869225,3,tablet,15
462,20.545033221429353,1,10.272516610714677,12,desktop,22
220,0.2968351154302202,8,0.03298167949224669,8,mobile,19
69,17.476473762753137,9,1.7476473762753137,2,desktop,12
47,1.3796390740375564,4,0.2759278148075113,6,mobile,14
497,4.081469825093086,7,0.5101837281366357,10,mobile,11
94,13.606588031607416,3,3.401647007901854,12,desktop,8
238,1.7525843472956317,7,0.21907304341195397,10,desktop,17
446,17.035674221585722,5,2.8392790369309537,10,tablet,20
500,17.84590297012224,6,2.5494147100174627,3,desktop,13
453,7.08195305309597,8,0.7868836725662188,10,desktop,19
204,0.06406348617415167,2,0.021354495391383888,9,desktop,3
400,3.383273427118551,4,0.6766546854237102,19,mobile,7
218,9.595294943637384,9,0.9595294943637385,14,mobile,7
474,39.73163467974408,4,7.946326935948816,2,mobile,21
432,9.991657490890635,4,1.998331498178127,5,tablet,21
341,3.0083969701011704,3,0.7520992425252926,8,tablet,15
39,10.051375279415504,4,2.010275055883101,7,tablet,23
100,7.764970067776713,4,1.5529940135553426,6,mobile,9
289,15.134252301294655,6,2.1620360430420935,11,desktop,20
254,1.1314701729582906,7,0.14143377161978632,12,tablet,16
222,14.314084807364829,3,3.578521201841207,18,tablet,0
357,7.792860190698895,6,1.1132657415284135,19,mobile,17
23,32.96621277767666,8,3.662912530852962,10,tablet,9
250,4.183560899891112,7,0.522945112486389,14,desktop,20
10,10.01363697345023,3,2.5034092433625577,3,mobile,3
246,26.886609755685512,4,5.377321951137103,18,mobile,0
325,1.0815299766527462,6,0.15450428237896374,15,desktop,3
100,27.682539268387686,8,3.0758376964875205,6,desktop,3
290,11.64385883557969,3,2.9109647088949226,10,desktop,3
180,0.702476502911083,4,0.1404953005822166,12,tablet,16
223,3.580524164282398,3,0.8951310410705995,7,desktop,8
394,12.315909951213124,8,1.3684344390236804,17,mobile,18
250,0.6972592739476131,1,0.34862963697380656,1,desktop,12
147,8.726817290949638,3,2.1817043227374096,18,mobile,3
442,4.244691315113612,7,0.5305864143892015,15,mobile,4
96,9.699961904748347,5,1.6166603174580578,19,tablet,12
257,0.46821239277954846,9,0.04682123927795485,1,desktop,22
325,20.521128448769126,5,3.4201880747948543,5,tablet,15
493,36.30194375144341,4,7.260388750288682,15,desktop,21
4,34.69835664491751,5,5.783059440819585,3,desktop,4
16,13.849026569612299,7,1.7311283212015374,1,desktop,7
280,1.3936119883380576,3,0.3484029970845144,8,desktop,15
336,14.1990573116036,6,2.028436758800514,12,desktop,0
247,0.24894222282511314,7,0.031117777853139142,19,mobile,22
258,0.22371947734473863,4,0.04474389546894773,12,mobile,5
497,3.9098577021723018,4,0.7819715404344604,13,desktop,10
476,6.706876749216802,4,1.3413753498433603,1,mobile,15
384,14.714489225838568,3,3.678622306459642,19,tablet,4
160,11.49785726890819,4,2.299571453781638,6,tablet,15
475,5.904149873957085,2,1.968049957985695,8,tablet,6
340,3.19691162558407,7,0.39961395319800874,4,desktop,18
152,58.51528761656979,6,8.359326802367113,5,desktop,0
396,5.554417901100342,7,0.6943022376375427,7,mobile,8
178,6.003620484245429,5,1.0006034140409048,4,mobile,17
163,1.786767924545557,4,0.3573535849091114,4,mobile,12
380,15.838167006373084,5,2.6396945010621806,15,tablet,14
33,11.831322380365739,4,2.3662644760731477,5,tablet,2
417,2.49448529453176,7,0.31181066181647,9,tablet,23
445,0.8597305690237871,5,0.14328842817063117,2,tablet,9
179,11.409958207372403,6,1.6299940296246291,7,mobile,8
427,10.62795094423143,5,1.7713251573719049,17,desktop,12
101,3.191858486737397,2,1.0639528289124656,16,desktop,15
268,30.13154406385109,4,6.0263088127702185,17,tablet,2
323,1.6376428319465086,4,0.3275285663893017,2,desktop,21
65,5.662234725034116,6,0.8088906750048738,11,desktop,22
417,28.755684327996548,11,2.396307027333046,2,desktop,14
168,5.442571426935501,6,0.7775102038479288,1,tablet,16
330,10.175650177301028,8,1.130627797477892,2,mobile,13
43,5.068243030091396,5,0.8447071716818993,9,mobile,6
44,3.2050173006688127,3,0.8012543251672032,2,desktop,19
285,41.33770529131774,5,6.889617548552956,15,mobile,15
397,5.265045758454232,1,2.632522879227116,10,mobile,20
12,22.45252506848132,8,2.494725007609036,15,tablet,7
95,2.6130581248389047,6,0.37329401783412924,10,tablet,3
302,2.396600813788579,4,0.47932016275771583,17,desktop,19
386,0.31629049095555,7,0.03953631136944375,9,desktop,23
253,10.545958588759897,1,5.272979294379948,18,desktop,14
499,4.596990541722014,7,0.5746238177152517,4,tablet,4
242,19.977380588267938,3,4.994345147066984,9,mobile,12
35,6.409531147028137,9,0.6409531147028137,16,tablet,5
215,34.48082341200801,4,6.896164682401602,4,tablet,4
337,2.052121782608384,2,0.6840405942027946,16,mobile,16
90,20.296855047299104,4,4.059371009459821,19,mobile,6
264,14.987773046742976,6,2.1411104352489967,1,desktop,5
93,14.736920438900363,2,4.912306812966787,6,mobile,1
410,18.62932610814589,1,9.314663054072945,10,mobile,10
458,14.31392112603727,7,1.7892401407546588,16,mobile,6
90,9.840887504235639,7,1.2301109380294548,4,mobile,21
418,1.4069398592758247,6,0.20099140846797495,13,desktop,20
115,0.3306691334998571,8,0.03674101483331746,16,desktop,7
105,25.363833018142643,7,3.1704791272678303,6,mobile,4
391,9.588076894307802,5,1.598012815717967,11,mobile,17
196,15.922725389316394,6,2.2746750556166275,3,desktop,21
314,6.568583602697946,6,0.9383690860997066,10,desktop,15
114,1.2477916417400803,7,0.15597395521751004,1,mobile,13
493,1.3374374911633842,6,0.19106249873762632,11,tablet,11
75,11.569788149447113,3,2.8924470373617783,12,desktop,16
413,5.626557199241903,3,1.4066392998104758,14,desktop,4
376,2.2379967489163612,1,1.1189983744581806,8,desktop,13
420,6.76476013409331,5,1.1274600223488849,11,mobile,5
217,0.6636305079345967,3,0.16590762698364916,4,mobile,14
277,8.722054323249505,9,0.8722054323249505,7,desktop,6
249,3.1333279661245736,8,0.34814755179161927,10,mobile,13
164,15.973072900319618,4,3.1946145800639236,19,mobile,17
394,3.7158839718019383,2,1.238627990600646,4,desktop,0
357,6.073735091953125,3,1.5184337729882813,2,mobile,5
457,0.11688586050930902,2,0.038961953503103004,18,tablet,2
408,0.7520522230669786,4,0.15041044461339573,14,mobile,4
192,4.9839249708571725,4,0.9967849941714345,16,mobile,11
227,6.538088487800127,5,1.0896814146333544,11,desktop,10
177,9.163421034919134,8,1.0181578927687926,10,desktop,12
99,3.4483471507445818,6,0.49262102153494025,17,tablet,15
496,11.873841143891859,3,2.9684602859729647,14,mobile,17
36,19.669875044031023,5,3.2783125073385038,4,tablet,16
466,15.134506386975708,6,2.16207234099653,19,tablet,16
497,0.40425016397703156,3,0.10106254099425789,2,desktop,10
487,6.549018415021083,8,0.7276687127801202,7,mobile,19
96,1.1085355080954613,8,0.1231706120106068,9,desktop,9
152,2.771312827847182,5,0.46188547130786367,19,tablet,15
151,43.171826552294334,4,8.634365310458866,16,tablet,1
190,1.5372890217305861,2,0.5124296739101953,16,desktop,16
224,6.9092595620900745,6,0.9870370802985821,18,desktop,21
37,9.627424349612866,5,1.6045707249354777,11,desktop,19
268,12.122233148577381,6,1.7317475926539116,7,desktop,9
369,8.201824240381105,7,1.0252280300476382,9,desktop,12
183,0.09818895384563225,3,0.024547238461408064,4,tablet,11
13,3.9520983599786015,9,0.39520983599786014,13,desktop,14
279,7.292130935726833,2,2.4307103119089444,4,mobile,6
217,0.9196891710405073,0,0.9196891710405073,19,tablet,21
355,4.317478910836826,6,0.616782701548118,2,tablet,20
361,0.3376684570552405,4,0.0675336914110481,9,mobile,12
286,0.8183768960808725,6,0.11691098515441035,12,mobile,11
273,5.057108535355948,4,1.0114217070711897,2,tablet,11
369,1.4238850592466137,5,0.2373141765411023,6,desktop,1
62,8.382674039181207,2,2.794224679727069,5,tablet,4
84,11.69458563158434,5,1.9490976052640567,5,tablet,1
368,16.123757191107593,4,3.2247514382215186,5,mobile,22
217,2.233313742578472,3,0.558328435644618,4,tablet,19
342,1.8330113513507695,5,0.30550189189179494,9,desktop,12
397,1.1044881728507567,3,0.2761220432126892,10,mobile,2
187,10.117841147041304,3,2.529460286760326,16,tablet,10
19,12.257949395115995,4,2.451589879023199,10,tablet,15
177,0.3209574673603211,8,0.03566194081781346,10,desktop,0
100,27.521940544489087,5,4.5869900907481815,19,tablet,18
396,0.5337048567900803,4,0.10674097135801605,10,tablet,10
445,7.79350888095622,4,1.558701776191244,6,tablet,8
233,12.34640004061239,4,2.469280008122478,17,tablet,13
403,20.47703552454761,4,4.095407104909522,5,desktop,8
76,12.520674728720262,7,1.5650843410900328,6,tablet,6
265,16.181158725967258,8,1.797906525107473,15,tablet,15
455,4.146827491464336,7,0.518353436433042,19,tablet,2
284,16.864545693479233,3,4.216136423369808,18,mobile,18
206,0.8350644975816266,6,0.11929492822594666,4,desktop,3
223,22.52050318785216,6,3.217214741121737,8,mobile,6
384,7.931716828789295,4,1.586343365757859,16,mobile,22
52,16.998976096655188,6,2.428425156665027,19,desktop,11
339,6.020609719350464,9,0.6020609719350464,3,mobile,17
367,10.316390017200888,6,1.4737700024572697,10,mobile,4
144,7.473978139587696,4,1.4947956279175392,2,mobile,22
373,13.152378349869206,6,1.878911192838458,4,desktop,22
69,0.8515489988895617,7,0.10644362486119521,6,tablet,21
99,0.6225003131901508,4,0.12450006263803015,11,desktop,9
396,2.8382715753991636,3,0.7095678938497909,14,desktop,11
25,1.7381148651515006,4,0.3476229730303001,16,desktop,7
436,20.540355570023983,5,3.4233925950039974,19,mobile,18
379,2.474541581805539,3,0.6186353954513848,2,tablet,14
469,37.24102809434093,5,6.206838015723489,17,desktop,0
484,4.108231243314293,3,1.0270578108285733,9,desktop,2
53,2.010371039788529,5,0.33506183996475486,17,tablet,17
151,15.592130975943475,5,2.598688495990579,15,tablet,17
144,10.750162053415186,5,1.7916936755691977,7,tablet,1
57,6.8954510872343375,6,0.9850644410334768,19,mobile,4
39,8.104982991156206,6,1.1578547130223151,3,tablet,0
109,12.701189397289664,6,1.8144556281842377,1,mobile,9
181,2.593599456867067,5,0.4322665761445112,4,desktop,19
42,56.08631232047705,7,7.010789040059631,18,mobile,9
186,36.806399778900946,3,9.201599944725237,8,tablet,4
423,10.507530901325568,5,1.751255150220928,19,mobile,17
398,2.2257177846889333,7,0.27821472308611667,6,tablet,20
223,11.401477952753687,2,3.800492650917896,1,mobile,14
122,0.7493737183429329,8,0.0832637464825481,8,desktop,19
133,0.3113211652361948,4,0.06226423304723896,1,mobile,7
163,2.9797875313889657,2,0.9932625104629885,19,desktop,16
215,6.210553018734389,5,1.035092169789065,11,tablet,11
221,20.270199251908405,5,3.378366541984734,15,desktop,20
235,12.98902978817889,4,2.597805957635778,11,tablet,11
331,13.575379047493218,6,1.9393398639276025,19,tablet,0
146,5.542435794074139,8,0.615826199341571,10,desktop,3
239,4.245485326894826,4,0.8490970653789652,12,desktop,7
76,4.63685650547297,3,1.1592141263682425,1,mobile,0
9,43.94063891516504,6,6.277234130737862,7,mobile,14
74,0.4093574204392867,4,0.08187148408785734,17,desktop,17
442,20.17642991755739,2,6.725476639185796,10,desktop,0
492,8.643517413526624,3,2.160879353381656,6,desktop,10
401,5.773490810346596,1,2.886745405173298,17,desktop,22
253,12.919215674888704,9,1.2919215674888704,18,tablet,1
230,6.66834303599214,5,1.11139050599869,5,desktop,0
7,20.66906341267767,3,5.167265853169417,18,desktop,11
174,23.096284796203747,4,4.619256959240749,17,desktop,15
141,5.476987013540247,3,1.3692467533850619,16,desktop,21
168,3.241079070851419,4,0.6482158141702838,8,tablet,21
170,8.973471219409092,6,1.2819244599155846,13,mobile,9
393,24.345559395235988,4,4.869111879047198,16,mobile,17
434,2.3656089895002457,2,0.7885363298334153,11,mobile,14
283,9.754214576995755,6,1.393459225285108,6,mobile,16
122,9.984780002255434,3,2.4961950005638585,3,mobile,9
194,13.209300151268554,6,1.8870428787526505,1,tablet,2
5,1.4106562970266043,2,0.4702187656755348,18,mobile,20
29,12.5816490912711,8,1.3979610101412332,5,tablet,15
165,23.972532062892448,3,5.993133015723112,13,tablet,5
422,1.9806456078014456,6,0.2829493725430637,10,mobile,2
339,2.7120959168716197,4,0.5424191833743239,5,mobile,8
136,35.54177038861511,5,5.923628398102519,14,mobile,10
496,1.996430547551579,6,0.28520436393593984,17,desktop,20
365,19.26789767756658,1,9.63394883878329,1,tablet,12
321,6.778209425535491,5,1.1297015709225817,2,mobile,17
342,2.8399696999437047,7,0.3549962124929631,7,desktop,21
500,20.46006001744849,6,2.922865716778356,10,tablet,23
145,5.893373255599558,6,0.8419104650856511,7,desktop,21
327,7.232298691011181,7,0.9040373363763976,16,desktop,3
217,4.450899591778079,4,0.8901799183556157,5,mobile,21
301,8.988213426850786,3,2.2470533567126965,12,tablet,23
132,1.7855729761763137,8,0.19839699735292374,17,desktop,7
292,4.960709063634735,4,0.992141812726947,16,tablet,12
70,34.87158041821144,5,5.811930069701906,16,mobile,9
252,2.985858804240062,5,0.4976431340400103,19,tablet,1
415,10.692573845171028,3,2.673143461292757,15,desktop,7
275,3.933242043889271,9,0.39332420438892707,12,desktop,5
445,14.84891690707165,8,1.6498796563412945,10,tablet,15
364,1.4026677961013676,6,0.2003811137287668,2,desktop,17
182,35.006104544243996,3,8.751526136060999,7,desktop,16
167,6.047509221647378,5,1.0079182036078962,13,desktop,5
91,2.692535434977202,5,0.4487559058295337,3,mobile,12
202,0.7633772255593707,5,0.12722953759322844,15,mobile,22
346,1.8603794010459394,3,0.46509485026148484,1,desktop,13
19,7.3349834542958146,7,0.9168729317869768,3,tablet,20
39,4.109850798051666,3,1.0274626995129166,10,mobile,9
126,17.654098841221575,0,17.654098841221575,15,tablet,23
451,5.636771906855924,6,0.8052531295508463,6,desktop,10
173,2.8596923697585104,6,0.4085274813940729,15,desktop,12
141,9.600989165734678,4,1.9201978331469356,7,tablet,11
242,12.26822606959345,5,2.0447043449322417,5,mobile,8
220,1.8277194768584681,9,0.18277194768584681,4,tablet,3
126,1.8346527013076068,5,0.30577545021793445,18,tablet,6
58,0.37360728009482735,4,0.07472145601896547,3,desktop,23
148,13.33330120789834,3,3.333325301974585,17,mobile,21
476,10.90062525147099,6,1.55723217878157,18,tablet,1
456,6.436541696352927,2,2.145513898784309,18,mobile,6
317,18.589924906761503,6,2.655703558108786,2,desktop,8
383,16.381983211693512,6,2.340283315956216,13,mobile,4
361,8.803310136359215,6,1.2576157337656022,15,desktop,14
423,20.270106265290025,5,3.378351044215004,5,mobile,17
1,2.3047185037057356,3,0.5761796259264339,3,tablet,3
387,1.1869302139028457,4,0.23738604278056913,5,desktop,18
461,3.14367805728108,4,0.6287356114562159,5,tablet,19
348,0.5878110672996271,5,0.0979685112166045,5,desktop,6
190,7.575140428339439,4,1.5150280856678877,3,mobile,7
191,27.583812054019667,4,5.516762410803933,3,mobile,16
369,0.4013841640938223,5,0.06689736068230372,18,desktop,12
409,1.3023387998311675,5,0.21705646663852793,4,desktop,23
312,6.018432483019309,5,1.003072080503218,1,desktop,20
417,27.162086538759947,7,3.3952608173449934,16,mobile,22
422,3.80025611056787,3,0.9500640276419675,8,desktop,10
117,7.077225037713451,2,2.3590750125711506,17,desktop,0
134,0.42461733001051694,4,0.08492346600210339,8,tablet,1
58,1.6057165133641893,4,0.32114330267283786,7,desktop,16
44,43.147510845333784,6,6.163930120761969,8,tablet,4
173,33.55804307819909,3,8.389510769549773,12,tablet,5
160,0.049522229738276156,5,0.00825370495637936,16,tablet,23
173,30.326407986788155,5,5.054401331131359,12,mobile,6
317,10.19209613568501,5,1.6986826892808349,19,tablet,20
303,20.243345669765105,5,3.3738909449608507,10,desktop,14
149,6.064922690920095,3,1.5162306727300237,7,mobile,18
80,7.24836068697771,10,0.6589418806343373,12,mobile,15
374,6.710854995088599,5,1.1184758325147666,5,mobile,12
213,10.992052370655834,4,2.1984104741311667,16,mobile,4
203,1.5041745420945718,4,0.30083490841891436,9,mobile,2
252,0.3043198091997127,7,0.038039976149964086,7,mobile,2
229,3.6806808801378086,3,0.9201702200344521,14,mobile,18
164,12.196983475408395,6,1.7424262107726278,11,tablet,13
227,2.2546305443661034,2,0.7515435147887012,7,desktop,15
147,11.19118409331979,4,2.238236818663958,10,desktop,21
20,35.0363039022921,4,7.007260780458419,9,tablet,16
441,0.9860639372178697,4,0.19721278744357393,4,tablet,3
402,11.165790839045362,8,1.240643426560596,16,mobile,12
47,5.865378397571735,5,0.9775630662619559,10,mobile,7
233,20.260316221935163,8,2.2511462468816847,19,tablet,18
305,1.949810990586438,5,0.324968498431073,17,mobile,4
14,11.796898763803538,7,1.4746123454754423,9,desktop,1
143,18.208708615976455,8,2.0231898462196063,13,desktop,14
415,28.93432387380273,3,7.233580968450682,1,mobile,1
1,11.49636234984622,4,2.299272469969244,2,mobile,10
373,6.875126126115396,6,0.9821608751593424,13,mobile,12
54,9.619348555509415,4,1.923869711101883,9,desktop,22
374,20.31832909367911,4,4.0636658187358226,7,mobile,9
259,8.453890920690059,6,1.2076987029557227,16,tablet,2
144,0.30858317733905194,2,0.10286105911301731,19,mobile,4
471,26.72905507299173,4,5.345811014598346,7,tablet,2
441,11.696575360111503,2,3.898858453370501,6,mobile,5
459,11.28597543879489,8,1.25399727097721,18,mobile,12
12,2.4293199801802396,7,0.30366499752252996,19,desktop,9
330,10.755369936680887,2,3.5851233122269623,11,tablet,18
224,5.0065156489585885,5,0.8344192748264314,12,tablet,7
272,10.533511356872365,6,1.5047873366960522,10,tablet,17
456,1.1271306878269605,7,0.14089133597837006,13,desktop,2
358,10.724923184658566,7,1.3406153980823208,12,tablet,23
460,74.41722909704406,7,9.302153637130507,10,desktop,23
408,0.49412998894300686,6,0.07058999842042955,18,mobile,16
156,37.798631125622286,5,6.299771854270381,4,mobile,7
373,5.224056824545973,5,0.8706761374243288,5,tablet,9
8,20.46033461015753,8,2.2733705122397256,5,mobile,1
122,15.250300569342926,7,1.9062875711678657,12,mobile,11
348,8.370551059265525,4,1.674110211853105,3,tablet,22
164,13.411267858526585,5,2.235211309754431,8,mobile,5
90,21.079691009583396,8,2.3421878899537107,2,tablet,1
136,5.177500786487027,5,0.8629167977478378,18,tablet,20
186,3.9605922479100646,2,1.3201974159700216,9,mobile,22
316,11.01396317172307,3,2.7534907929307675,13,mobile,23
178,16.494578429710735,7,2.061822303713842,7,mobile,2
28,14.366833688205121,3,3.5917084220512803,10,mobile,16
220,15.985654764477754,8,1.7761838627197504,9,mobile,6
357,5.719624967418865,1,2.8598124837094323,15,desktop,20
41,17.02838106385863,5,2.838063510643105,5,mobile,4
228,1.2807096265357145,3,0.32017740663392863,12,desktop,22
192,7.86335628344283,5,1.310559380573805,1,tablet,0
411,0.05775305516253854,5,0.009625509193756423,12,mobile,7
447,3.9242919094318784,2,1.3080973031439596,6,mobile,11
145,4.564345626291861,7,0.5705432032864827,19,mobile,13
201,5.0446703518866745,2,1.6815567839622247,19,tablet,15
417,11.889765020311442,4,2.3779530040622885,16,desktop,9
212,4.919353427114065,5,0.8198922378523442,19,desktop,14
461,5.954645855639285,4,1.190929171127857,3,mobile,20
220,2.712106487319779,4,0.5424212974639558,10,mobile,23
240,4.672104005506762,5,0.7786840009177937,18,mobile,14
413,2.578250975330488,4,0.5156501950660977,13,mobile,9
397,0.7601308825538722,4,0.15202617651077444,18,tablet,20
46,9.249495953184562,5,1.5415826588640937,3,mobile,6
35,11.032614750710689,7,1.379076843838836,3,tablet,2
253,9.662437301484182,6,1.3803481859263118,12,mobile,1
390,6.226776150169474,6,0.8895394500242106,7,desktop,5
82,4.776903447798999,8,0.5307670497554443,8,desktop,20
371,19.902127218947548,5,3.3170212031579247,9,mobile,8
256,7.320580548015936,2,2.440193516005312,14,mobile,9
197,6.523543915152494,4,1.3047087830304989,5,tablet,3
303,0.25976553942014474,6,0.03710936277430639,19,mobile,2
409,4.174078814107976,3,1.043519703526994,16,mobile,8
450,4.783513648988052,3,1.195878412247013,12,mobile,23
10,5.0886551419799915,5,0.8481091903299985,4,desktop,21
312,8.679110548652707,5,1.4465184247754512,8,tablet,16
286,7.627171043528689,6,1.0895958633612413,7,desktop,13
242,9.362513582748198,2,3.120837860916066,15,tablet,9
251,14.476731287868812,6,2.0681044696955446,6,desktop,12
365,16.765704014851647,4,3.353140802970329,5,mobile,11
5,12.662847438313909,3,3.1657118595784772,14,desktop,0
119,31.127987250042054,4,6.225597450008411,13,desktop,21
289,0.18400844582700027,2,0.061336148609000087,10,tablet,18
374,2.1787991071251294,6,0.3112570153035899,18,tablet,18
65,0.07591618531415689,8,0.008435131701572987,4,desktop,5
146,10.426329264077516,5,1.7377215440129195,8,tablet,12
224,22.830820100664766,6,3.261545728666395,11,tablet,18
239,2.7902934427777346,5,0.46504890712962244,17,tablet,12
