user_id,session_length_mean,session_length_max,session_length_min,session_length_sum,pages_viewed_mean,pages_viewed_sum,time_per_page_mean,actions_count_mean,actions_count_sum,time_of_day_mean,actions_per_page,pages_per_session,engagement_score,device_desktop,device_mobile,device_tablet
1,6.154733879952706,11.49636234984622,2.304718503705736,18.464201639858118,3.6666666666666665,11,1.2693587510523034,6.0,18,4.666666666666667,1.2857142857142858,0.5954249181879385,110.7852098391487,True,False,False
2,4.382668813850664,8.327154639433976,2.310922063450966,13.148006441551992,4.666666666666667,14,0.7542304177978082,11.666666666666666,35,16.333333333333332,2.0588235294117645,1.0639909671870242,153.39340848477323,False,True,False
4,20.580977255910064,34.69835664491751,6.463597866902617,41.16195451182013,3.0,6,4.507429187135447,5.5,11,6.5,1.375,0.14573026884787435,226.3907498150107,True,False,False
5,6.535220489952727,12.662847438313907,1.4106562970266043,26.14088195981091,4.25,17,1.3135401180175448,15.25,61,14.5,2.9047619047619047,0.6500736772903442,398.6484498871163,True,False,False
6,4.068318779381004,4.068318779381004,4.068318779381004,4.068318779381004,5.0,5,0.678053129896834,11.0,11,21.0,1.8333333333333333,1.2259953844899998,44.751506573191044,False,False,True
7,20.66906341267767,20.66906341267767,20.66906341267767,20.66906341267767,3.0,3,5.167265853169417,18.0,18,11.0,4.5,0.14507426860351888,372.04314142819806,True,False,False
8,20.46033461015753,20.46033461015753,20.46033461015753,20.46033461015753,8.0,8,2.2733705122397256,5.0,5,1.0,0.5555555555555556,0.3908094397260287,102.30167305078766,False,True,False
9,18.121236256734406,43.94063891516504,2.7204862220899524,54.36370877020322,6.333333333333333,19,2.528830375656441,11.333333333333334,34,13.666666666666666,1.5454545454545456,0.3494335852700193,616.1220327289698,False,True,False
10,7.551146057715112,10.01363697345023,5.088655141979992,15.102292115430224,4.0,8,1.675759216846278,3.5,7,12.0,0.7,0.5293703919229894,52.85802240400578,True,False,False
12,12.44092252433078,22.45252506848132,2.42931998018024,24.88184504866156,7.5,15,1.3991950025657829,17.0,34,8.0,2.0,0.6026069972184144,422.9913658272465,True,False,False
13,12.677947702191085,18.44077141321478,3.9520983599786015,38.03384310657326,5.333333333333333,16,2.664535817328595,12.333333333333334,37,13.666666666666666,1.9473684210526319,0.4205673952334091,469.0840649810702,True,False,False
14,7.271591720479784,11.796898763803538,2.7462846771560296,14.543183440959568,3.5,7,2.1104485113157363,9.5,19,8.0,2.111111111111111,0.48099441805280047,138.1602426891159,True,False,False
15,5.223740703557457,9.003988138795599,1.443493268319316,10.447481407114914,0.5,1,2.972743668858558,17.0,34,9.0,11.333333333333334,0.09562531943108539,177.60718392095353,False,True,False
16,13.8490265696123,13.8490265696123,13.8490265696123,13.8490265696123,7.0,7,1.7311283212015374,1.0,1,7.0,0.125,0.505085978790776,13.8490265696123,True,False,False
17,2.4199561324404733,2.4199561324404733,2.4199561324404733,2.4199561324404733,2.0,2,0.8066520441468245,2.0,2,10.0,0.6666666666666666,0.8230601257773917,4.8399122648809465,False,True,False
18,16.427938260737573,16.427938260737573,16.427938260737573,16.427938260737573,5.0,5,2.7379897101229287,16.0,16,20.0,2.6666666666666665,0.3041743995317603,262.84701217180117,False,True,False
19,9.796466424705905,12.257949395115997,7.3349834542958146,19.59293284941181,5.5,11,1.6842314054050878,6.5,13,17.5,1.0,0.5611405234360152,127.35406352117676,False,False,True
20,17.641669019866825,35.0363039022921,0.2470341374415522,35.28333803973365,2.5,5,3.5653889245895978,12.0,24,12.5,3.4285714285714284,0.1416697959929702,423.4000564768038,True,False,False
21,6.066688586614398,6.775027809955306,5.35834936327349,12.133377173228796,5.0,10,1.011114764435733,14.5,29,22.5,2.4166666666666665,0.8234941447792571,175.93396901181754,False,False,True
22,4.8516132583376885,8.231145809801472,1.4720807068739052,9.703226516675377,9.0,18,0.5241986377256633,5.5,11,10.0,0.55,1.8531432340322898,53.36774584171457,False,True,False
23,32.96621277767666,32.96621277767666,32.96621277767666,32.96621277767666,8.0,8,3.662912530852962,10.0,10,9.0,1.1111111111111112,0.2425991139108498,329.6621277767666,False,False,True
25,1.7381148651515006,1.7381148651515006,1.7381148651515006,1.7381148651515006,4.0,4,0.3476229730303001,16.0,16,7.0,3.2,2.2881791578686332,27.80983784242401,True,False,False
26,4.153260130685671,4.153260130685671,4.153260130685671,4.153260130685671,2.0,2,1.3844200435618903,13.0,13,18.0,4.333333333333333,0.4803927540484022,53.99238169891372,True,False,False
27,7.31716932622681,7.31716932622681,7.31716932622681,7.31716932622681,5.0,5,1.2195282210378016,15.0,15,23.0,2.5,0.6823917637747283,109.75753989340215,True,False,False
28,7.000684561003787,14.36683368820512,1.90402433662887,21.00205368301136,4.666666666666667,14,1.550748169469592,11.333333333333334,34,6.333333333333333,2.0,0.6662842295762484,238.02327507412878,True,False,False
29,13.04779031157866,13.513931531886222,12.5816490912711,26.09558062315732,6.5,13,1.8251414660611351,4.5,9,13.0,0.6,0.4979778150756075,117.43011280420795,False,True,False
33,7.204000842007116,11.83132238036574,1.188273456974049,21.61200252602135,4.333333333333333,13,1.2969398367094371,8.666666666666666,26,4.666666666666667,1.625,0.6012394080684681,187.30402189218503,False,False,True
35,6.408165512789554,11.032614750710689,0.417272127175653,32.04082756394777,5.8,29,0.9453745523837366,10.6,53,13.8,1.5588235294117647,0.9048128302503028,339.6327721778464,False,True,False
36,12.593903858912862,19.669875044031023,8.544271441986698,37.78171157673859,5.666666666666667,17,1.9803135397912175,9.333333333333334,28,13.0,1.4000000000000001,0.4498340850606983,352.6293080495601,False,False,True
37,8.206891848764883,13.026474102163927,1.966777094517853,24.62067554629465,4.666666666666667,14,1.2961574508484177,9.666666666666666,29,13.666666666666666,1.7058823529411762,0.5683969152078783,237.9998636141816,True,False,False
38,9.098443101964923,9.098443101964923,9.098443101964923,9.098443101964923,4.0,4,1.819688620392985,14.0,14,11.0,2.8,0.4391529875327539,127.37820342750892,False,False,True
39,6.253565882710175,10.051375279415504,2.613762411972857,31.267829413550874,5.0,25,1.1527164201568045,9.0,45,8.8,1.5,0.7992882008995466,281.4104647219579,True,False,False
41,7.22002352628697,17.02838106385863,1.2756310328478129,21.66007057886091,3.6666666666666665,11,1.4039586259769408,9.333333333333334,28,7.666666666666667,2.0000000000000004,0.5076125599115707,202.16065873603515,False,True,False
42,51.04916271721515,56.08631232047705,46.012013113953245,102.0983254344303,6.0,12,7.3397289461925865,14.0,28,16.0,2.0,0.11752224854285656,1429.376556082024,True,False,False
43,5.068243030091396,5.068243030091396,5.068243030091396,5.068243030091396,5.0,5,0.8447071716818993,9.0,9,6.0,1.5,0.9845924998808127,45.61418727082256,False,True,False
44,12.64230229397766,43.14751084533378,0.6302282756016341,50.56920917591064,5.0,20,1.940313382810165,8.5,34,13.25,1.4166666666666667,0.3954193892285172,429.83827799524045,True,False,False
45,4.444614016780681,4.444614016780681,4.444614016780681,4.444614016780681,6.0,6,0.6349448595400974,2.0,2,13.0,0.2857142857142857,1.3469180443912308,8.889228033561363,False,True,False
46,8.054277756723225,9.249495953184562,6.859059560261889,16.10855551344645,5.0,10,1.3423796261205374,6.0,12,12.5,1.0,0.6204029878271524,96.65133308067871,True,False,False
47,3.102784035718264,5.865378397571735,1.3796390740375564,9.308352107154793,4.0,12,0.5897748466519476,10.333333333333334,31,7.666666666666667,2.066666666666667,1.2877813439552463,96.1863051072662,False,True,False
48,8.284640606698396,11.49670127597249,5.072579937424305,16.569281213396792,7.0,14,1.1030029448073218,3.5,7,14.5,0.4375,0.8444274404783834,57.99248424688877,True,False,False
49,6.740551463435687,13.189052712550428,0.2920502143209468,13.481102926871374,5.0,10,0.9712802151856967,7.5,15,20.5,1.25,0.7412292422795287,101.1082719515353,False,True,False
50,0.9288590786036756,0.9288590786036756,0.9288590786036756,0.9288590786036756,6.0,6,0.1326941540862393,8.0,8,1.0,1.1428571428571428,6.390735454061477,7.4308726288294045,False,True,False
51,3.8933140629422933,5.470695758190241,1.9282202863855216,11.67994218882688,5.0,15,0.675694787611138,15.0,45,4.333333333333333,2.5,1.2831543353855794,175.1991328324032,True,False,False
52,15.405105208315163,23.90876139323652,5.307578135053777,46.21531562494549,4.333333333333333,13,3.155710377328304,12.333333333333334,37,7.333333333333333,2.3125000000000004,0.2812311787220021,569.9888927076611,True,False,False
53,3.753139904487985,7.6060679905529,1.201787045517842,18.765699522439924,4.4,22,0.8515662289859309,13.4,67,9.0,2.4814814814814814,1.1717273156031565,251.460373600695,True,False,False
54,10.865778085917006,29.94956253739776,2.8723951554012013,65.19466851550203,5.833333333333333,35,2.647836554919111,11.166666666666666,67,11.166666666666666,1.6341463414634145,0.5367713815104964,728.0071317564394,True,False,False
55,15.308717377197016,15.308717377197016,15.308717377197016,15.308717377197016,8.0,8,1.700968597466335,2.0,2,14.0,0.2222222222222222,0.5222369342689591,30.617434754394033,True,False,False
57,6.8954510872343375,6.8954510872343375,6.8954510872343375,6.8954510872343375,6.0,6,0.9850644410334768,19.0,19,4.0,2.7142857142857144,0.8688787921605604,131.01357065745242,False,True,False
58,3.1715904123229333,8.98794524186919,0.3736072800948273,19.0295424739376,4.666666666666667,28,0.5662016589304354,11.5,69,14.5,2.0294117647058822,1.4706235739817792,218.8397384502824,True,False,False
59,9.683989670606795,9.683989670606795,9.683989670606795,9.683989670606795,4.0,4,1.936797934121359,1.0,1,3.0,0.2,0.41262680649726957,9.683989670606795,True,False,False
60,10.130219774469861,10.756497823175357,9.503941725764363,20.260439548939722,4.0,8,2.0260439548939724,10.0,20,22.5,2.0,0.394663370800879,202.60439548939723,True,False,False
62,16.47238044393536,20.97202667294333,8.382674039181207,49.41714133180608,3.0,9,5.382100320622508,7.666666666666667,23,12.333333333333334,1.9166666666666667,0.1820861930813011,378.8647502105133,False,False,True
63,5.707742820252122,11.441413510203516,1.1706666958066148,17.123228460756366,5.666666666666667,17,0.81083817177313,7.0,21,7.333333333333333,1.05,0.9922239722033984,119.86259922529456,False,False,True
65,7.101747078042062,15.567090323777911,0.0759161853141568,21.305241234126186,7.0,21,0.921070699059562,10.666666666666666,32,14.333333333333334,1.3333333333333333,0.9852105246821472,227.255906497346,True,False,False
66,10.942136390159687,10.942136390159687,10.942136390159687,10.942136390159687,5.0,5,1.8236893983599485,19.0,19,5.0,3.1666666666666665,0.45653193330320624,207.90059141303405,True,False,False
68,7.800877556797962,7.800877556797962,7.800877556797962,7.800877556797962,3.0,3,1.9502193891994903,11.0,11,3.0,2.75,0.3840797628928443,85.80965312477758,True,False,False
69,13.139045705348762,21.089114354403584,0.8515489988895617,39.417137116046284,7.333333333333333,22,1.6222738743980545,6.0,18,18.0,0.7200000000000001,0.5579913128170372,236.50282269627772,True,False,False
70,34.87158041821144,34.87158041821144,34.87158041821144,34.87158041821144,5.0,5,5.811930069701906,16.0,16,9.0,2.6666666666666665,0.14334212899910734,557.945286691383,False,True,False
72,18.22190046469857,18.22190046469857,18.22190046469857,18.22190046469857,8.0,8,2.02465560718873,19.0,19,1.0,2.111111111111111,0.43879133804454235,346.21610882927286,False,True,False
74,0.4093574204392867,0.4093574204392867,0.4093574204392867,0.4093574204392867,4.0,4,0.0818714840878573,17.0,17,17.0,3.4,9.538402815931828,6.959076147467874,True,False,False
75,5.91934675084514,11.569788149447112,0.2689053522431688,11.83869350169028,5.5,11,1.4611627049166207,9.0,18,16.5,1.3846153846153846,0.9283723980564432,106.54824151521251,True,False,False
76,9.826661481095448,12.520674728720262,4.63685650547297,29.47998444328634,4.0,12,2.2772609568297706,3.0,9,9.0,0.6,0.40691781384550396,88.43995332985902,False,False,True
80,7.24836068697771,7.24836068697771,7.24836068697771,7.24836068697771,10.0,10,0.6589418806343373,12.0,12,15.0,1.0909090909090908,1.3777215588006104,86.98032824373252,False,True,False
81,2.616770195631496,4.402067596518061,0.1827618040649723,7.850310586894489,4.666666666666667,14,0.4918991322526465,16.0,48,17.333333333333332,2.8235294117647056,1.7811001035178213,125.60496939031182,True,False,False
82,4.776903447798999,4.776903447798999,4.776903447798999,4.776903447798999,8.0,8,0.5307670497554443,8.0,8,20.0,0.8888888888888888,1.6712265219551006,38.21522758239199,True,False,False
84,11.69458563158434,11.69458563158434,11.69458563158434,11.69458563158434,5.0,5,1.9490976052640567,5.0,5,1.0,0.8333333333333334,0.4271829996704631,58.4729281579217,False,False,True
86,7.883325240930073,13.97220391626064,1.794446565599507,15.766650481860147,2.5,5,2.045599917132498,11.0,22,1.0,3.142857142857143,0.31692405214585667,173.4331553004616,True,False,False
88,8.10651592641394,8.10651592641394,8.10651592641394,8.10651592641394,3.0,3,2.026628981603485,13.0,13,21.0,3.25,0.36961672067160817,105.38470704338121,False,False,True
89,2.3890043614770606,3.9861603210049976,0.7918484019491232,4.778008722954121,5.0,10,0.4551766322397228,12.5,25,12.0,2.0833333333333335,2.08855091513496,59.72510903692652,False,True,False
90,17.072477853706047,21.0796910095834,9.84088750423564,51.21743356111814,6.333333333333333,19,2.5438899458143287,8.333333333333334,25,9.333333333333334,1.1363636363636365,0.3708950200937079,426.8119463426512,False,True,False
91,2.692535434977202,2.692535434977202,2.692535434977202,2.692535434977202,5.0,5,0.4487559058295337,3.0,3,12.0,0.5,1.8501145018445166,8.077606304931606,False,True,False
92,4.9492278131608645,7.69972984290837,2.0074635703448163,14.847683439482594,4.0,12,1.1656118257779016,7.333333333333333,22,13.666666666666666,1.4666666666666666,0.8076629205944295,108.88301188953902,True,False,False
93,14.736920438900365,14.736920438900365,14.736920438900365,14.736920438900365,2.0,2,4.912306812966787,6.0,6,1.0,2.0,0.13562153591907045,88.42152263340219,False,True,False
94,13.606588031607416,13.606588031607416,13.606588031607416,13.606588031607416,3.0,3,3.401647007901854,12.0,12,8.0,3.0,0.22031950978000286,163.279056379289,True,False,False
95,9.339136882220402,16.0652156396019,2.6130581248389047,18.678273764440803,5.5,11,1.5254149788838895,9.5,19,10.5,1.4615384615384615,0.5886043911091616,177.44360076218763,True,False,False
96,6.951737249101829,12.810430976449055,1.1085355080954613,34.758686245509146,5.6,28,1.2952290198589054,11.0,55,13.0,1.6666666666666667,0.8053223467313663,382.3455487006006,True,False,False
97,1.4024138943997018,1.9405450320809676,0.8642827567184359,2.8048277887994035,6.0,12,0.2050625961938528,17.0,34,10.5,2.4285714285714284,4.263138245170697,47.68207240958986,False,False,True
98,4.261064859584953,4.261064859584953,4.261064859584953,4.261064859584953,6.0,6,0.6087235513692789,2.0,2,21.0,0.2857142857142857,1.4048018930302686,8.522129719169905,False,True,False
99,6.223833759336863,14.736499591467346,0.6225003131901508,49.7906700746949,5.0,40,1.0797452982268378,10.5,84,10.25,1.75,0.8032020440689835,522.8020357842964,False,False,True
100,22.98279167734946,28.96171682874436,7.764970067776713,91.93116670939784,5.5,22,3.5106936513954428,9.5,38,9.5,1.4615384615384615,0.2392834547068158,873.3460837392795,False,True,False
101,5.33320761233729,8.824446091085541,3.191858486737397,21.33283044934916,3.0,12,1.3532250633698344,11.75,47,14.25,2.9375,0.5622496991895437,250.66075777985264,False,True,False
103,11.141359111928097,28.60009331493888,1.630095099344797,33.42407733578429,5.0,15,1.5132694895121475,9.333333333333334,28,14.333333333333334,1.5555555555555556,0.44864405406951646,311.9580551339867,True,False,False
104,18.407533048774184,19.808107067353586,17.006959030194785,36.81506609754837,4.5,9,4.364286117279438,6.0,12,22.0,1.0909090909090908,0.2443987466623767,220.8903965852902,True,False,False
105,25.363833018142643,25.363833018142643,25.363833018142643,25.363833018142643,7.0,7,3.1704791272678303,6.0,6,4.0,0.75,0.2758747562890834,152.18299810885586,False,True,False
106,8.385196444532115,11.724574340125422,5.045818548938808,16.77039288906423,7.5,15,1.206403250265246,5.5,11,16.0,0.6470588235294118,0.8939004050242165,92.23716088985326,True,False,False
107,18.459132074336345,18.459132074336345,18.459132074336345,18.459132074336345,6.0,6,2.637018867762335,17.0,17,9.0,2.4285714285714284,0.32486637573712834,313.8052452637179,False,False,True
108,26.753028729962075,47.294446860928126,6.2116105989960255,53.50605745992415,6.5,13,4.286293382799346,13.0,26,7.5,1.7333333333333334,0.2429177450101801,695.578746979014,False,True,False
109,12.701189397289664,12.701189397289664,12.701189397289664,12.701189397289664,6.0,6,1.8144556281842377,1.0,1,9.0,0.14285714285714285,0.47202506488333396,12.701189397289664,False,True,False
112,5.310506767214079,8.923177501433052,1.697836032995106,10.621013534428158,4.0,8,0.9821576020883422,11.0,22,10.5,2.2,0.752515268096714,116.83114887870974,False,True,False
113,9.088249264197682,26.89988536691252,1.6646955012850069,45.44124632098841,3.2,16,2.414044796889895,11.2,56,3.0,2.6666666666666665,0.35202555034473376,508.94195879507015,False,False,True
114,6.737553636848684,12.227315631957287,1.2477916417400805,13.475107273697368,6.0,12,1.096929946938529,8.0,16,7.5,1.1428571428571428,0.8898705628694507,107.80085818957895,False,True,False
115,0.3306691334998571,0.3306691334998571,0.3306691334998571,0.3306691334998571,8.0,8,0.0367410148333174,16.0,16,7.0,1.7777777777777777,23.48319590275811,5.290706135997714,True,False,False
116,4.810913712895552,7.624138580490282,2.330502802398152,14.432741138686655,3.6666666666666665,11,0.9909468009880467,6.0,18,7.333333333333333,1.2857142857142858,0.7616282736339537,86.59644683211994,True,False,False
117,4.232135823703727,7.077225037713451,1.387046609694003,8.464271647407454,5.0,10,1.2565956512685754,13.0,26,0.5,2.1666666666666665,1.180042417339703,110.0355314162969,True,False,False
118,2.486962611804165,2.486962611804165,2.486962611804165,2.486962611804165,7.0,7,0.3108703264755206,11.0,11,15.0,1.375,2.8034060129327263,27.35658872984581,False,False,True
119,31.12798725004205,31.12798725004205,31.12798725004205,31.12798725004205,4.0,4,6.225597450008411,13.0,13,21.0,2.6,0.12846045468127032,404.66383425054664,True,False,False
120,19.792558158086095,22.66598628630904,16.91913002986315,39.58511631617219,3.0,6,4.948139539521524,11.0,22,18.0,2.75,0.1515338394788189,435.4362794778941,False,True,False
121,9.677755075628523,9.677755075628523,9.677755075628523,9.677755075628523,4.0,4,1.9355510151257047,7.0,7,2.0,1.4,0.4128923541907863,67.74428552939966,False,False,True
122,6.36297378549846,15.250300569342926,0.5802696384483621,31.814868927492302,5.6,28,1.1237341961340563,7.0,35,10.2,1.0606060606060606,0.8798150925238173,222.7040824924461,False,True,False
123,16.238079110661786,16.238079110661786,16.238079110661786,16.238079110661786,1.0,1,8.119039555330893,19.0,19,15.0,9.5,0.06154573677228174,308.52350310257395,False,True,False
124,3.6695495641609615,5.42876216256007,1.9103369657618527,7.339099128321923,3.5,7,1.063988440906833,8.0,16,13.0,1.7777777777777777,0.9524976977141911,58.71279302657538,False,False,True
125,3.38609106417826,3.38609106417826,3.38609106417826,3.38609106417826,5.0,5,0.5643485106963767,4.0,4,6.0,0.6666666666666666,1.4722808975117492,13.54436425671304,True,False,False
126,11.578177036356484,25.97876213054117,0.8451944723555854,46.31270814542594,4.25,17,5.598829322226871,14.5,58,17.5,2.761904761904762,0.3669906333332249,671.5342681086761,False,False,True
127,15.884186206839237,19.814267844749622,11.954104568928852,31.768372413678474,3.0,6,4.497788431017822,14.5,29,13.0,3.625,0.1888076557821885,460.6413999983379,True,False,False
128,4.91113726798265,13.176077791304737,0.3723434185767216,19.6445490719306,4.5,18,1.1259282721883377,16.0,64,12.0,2.909090909090909,0.9158185178466635,314.3127851508896,False,True,False
129,12.208780079922269,14.940025935983725,8.004147815698987,36.626340239766805,4.666666666666667,14,2.3862724177667594,6.333333333333333,19,12.0,1.1176470588235292,0.3821342390745608,231.96682151852312,True,False,False
130,8.96117518414788,11.928707405259582,5.9936429630361765,17.92235036829576,6.0,12,1.280167883449697,16.0,32,20.5,2.2857142857142856,0.6691816607161488,286.75760589273216,False,True,False
131,8.414306360322165,19.831406436843068,2.7761258356960585,33.65722544128866,6.5,26,1.0490655337869748,7.75,31,13.5,1.0333333333333334,0.7722644102449333,260.84349716998713,True,False,False
132,1.7855729761763135,1.7855729761763135,1.7855729761763135,1.7855729761763135,8.0,8,0.1983969973529237,17.0,17,7.0,1.8888888888888888,4.455402317891897,30.35474059499733,True,False,False
133,0.3113211652361948,0.3113211652361948,0.3113211652361948,0.3113211652361948,4.0,4,0.0622642330472389,1.0,1,7.0,0.2,12.448604177878243,0.3113211652361948,False,True,False
134,8.692721979245606,16.960826628480696,0.4246173300105169,17.385443958491212,3.0,6,2.8692661710811675,6.5,13,4.0,1.625,0.3449179000154939,113.00538573019288,False,True,False
135,17.33430228042309,26.116627630420787,3.1787647172893285,52.002906841269265,7.0,21,1.9848995999968124,11.666666666666666,35,13.666666666666666,1.4583333333333333,0.4037459406775109,606.7005798148081,True,False,False
136,14.028039280798419,35.54177038861511,1.3648466672931223,42.08411784239526,5.0,15,2.3380065467997366,13.333333333333334,40,15.666666666666666,2.2222222222222223,0.3563443247857469,561.1215712319367,False,False,True
137,8.43713556386143,8.43713556386143,8.43713556386143,8.43713556386143,5.0,5,1.4061892606435715,11.0,11,0.0,1.8333333333333333,0.5919166280923702,92.80849120247574,False,False,True
139,10.382246116218615,10.382246116218615,10.382246116218615,10.382246116218615,2.0,2,3.4607487054062056,18.0,18,14.0,6.0,0.1924511773137001,186.88043009193507,False,False,True
140,1.099360586013728,1.099360586013728,1.099360586013728,1.099360586013728,5.0,5,0.1832267643356213,8.0,8,18.0,1.3333333333333333,4.5071008137818644,8.794884688109825,False,False,True
141,7.538988089637463,9.600989165734678,5.476987013540247,15.077976179274925,3.5,7,1.644722293265999,11.5,23,16.0,2.5555555555555554,0.46394558931073254,173.39672606166164,True,False,False
142,27.979918427926627,27.979918427926627,27.979918427926627,27.979918427926627,5.0,5,4.663319737987771,9.0,9,14.0,1.5,0.17863574747010716,251.81926585133965,False,False,True
143,11.59450643469967,18.20870861597645,1.9995580970079767,34.78351930409901,5.666666666666667,17,1.7571666824257282,10.333333333333334,31,8.0,1.55,0.4885967369790396,359.42969947568974,True,False,False
144,8.39783208710116,21.523209700260004,0.3085831773390519,58.78482460970811,4.428571428571429,31,1.4741022957487526,13.0,91,10.0,2.394736842105263,0.5272572918753351,764.2027199262055,False,True,False
145,4.042949243275496,5.893373255599558,1.6711288479350686,12.128847729826488,6.666666666666667,20,0.5404482581213391,10.0,30,15.0,1.3043478260869565,1.6476028404951315,121.28847729826488,True,False,False
146,7.984382529075828,10.426329264077516,5.542435794074139,15.968765058151655,6.5,13,1.1767738716772453,9.0,18,7.5,1.2,0.8135797699439844,143.7188855233649,True,False,False
147,9.994801250515401,12.81094813097032,6.975468656582261,59.96880750309241,5.833333333333333,35,1.6760749463358557,13.0,78,6.666666666666667,1.902439024390244,0.5835394442978123,779.5944975402012,False,True,False
148,11.091392139715895,13.33330120789834,9.048193240889455,33.274176419147686,4.333333333333333,13,2.2681535768197807,8.333333333333334,25,17.0,1.5625000000000002,0.3905759853057795,277.28480349289737,False,True,False
149,6.064922690920095,6.064922690920095,6.064922690920095,6.064922690920095,3.0,3,1.5162306727300237,7.0,7,18.0,1.75,0.4938334449068728,42.454458836440665,False,True,False
150,2.4485551702269714,3.514146897323056,1.3829634431308866,4.897110340453943,6.0,12,0.33352672749770285,6.5,13,8.5,0.9285714285714286,2.4454310515646394,31.83121721295063,True,False,False
151,21.28991005927567,43.171826552294334,1.6870300676095549,85.15964023710268,3.5,14,4.972757217609233,12.25,49,5.0,2.7222222222222223,0.16437782243796706,1043.2055929045077,False,False,True
152,13.55717105975979,58.51528761656979,1.3637963052807085,67.78585529879895,5.2,26,1.9815897822231026,6.6,33,10.0,1.064516129032258,0.38350427006797577,447.3866449720731,False,True,False
153,9.322269076267384,13.378177759736657,5.266360392798112,18.644538152534768,5.5,11,1.3944474917619847,10.0,20,15.5,1.5384615384615385,0.5896688468004406,186.44538152534767,True,False,False
154,18.140868506209323,18.140868506209323,18.140868506209323,18.140868506209323,8.0,8,2.0156520562454805,2.0,2,15.0,0.2222222222222222,0.44075025926518274,36.281737012418645,False,True,False
155,3.528949647452128,3.528949647452128,3.528949647452128,3.528949647452128,6.0,6,0.5041356639217326,17.0,17,15.0,2.4285714285714284,1.6954183013933837,59.992144006686175,False,False,True
156,37.798631125622286,37.798631125622286,37.798631125622286,37.798631125622286,5.0,5,6.299771854270381,4.0,4,7.0,0.6666666666666666,0.1322449359086048,151.19452450248914,False,True,False
157,22.12079899943025,22.12079899943025,22.12079899943025,22.12079899943025,0.0,0,22.12079899943025,5.0,5,15.0,5.0,0.0,110.60399499715125,False,True,False
158,14.648218264691636,20.706013520531226,9.040606518730971,43.94465479407491,3.6666666666666665,11,3.692154978797351,11.333333333333334,34,14.666666666666666,2.428571428571429,0.25025790900950956,498.03942099951564,True,False,False
160,4.594223778935384,11.49785726890819,0.0495222297382761,27.565342673612303,4.166666666666667,25,0.8857185111697036,8.833333333333334,53,13.166666666666666,1.7096774193548387,0.9066070473141671,243.49386028357537,False,False,True
161,3.1625696962743817,7.343098604235151,0.13087188396285,12.650278785097527,5.0,20,0.5567842297206629,5.75,23,8.25,0.9583333333333334,1.5797440435152261,72.73910301431079,True,False,False
162,3.2417684312865083,3.2417684312865083,3.2417684312865083,3.2417684312865083,5.0,5,0.5402947385477513,8.0,8,12.0,1.3333333333333333,1.5376248664859058,25.934147450292066,False,False,True
163,5.189522209306444,9.308330084672091,1.786767924545557,20.758088837225777,5.0,20,0.8488290799856257,7.75,31,12.0,1.2916666666666667,0.9630159114184346,160.8751884884998,False,True,False
164,13.860441411418199,15.973072900319618,12.196983475408397,41.581324234254595,5.0,15,2.3907507001969943,12.666666666666666,38,11.666666666666666,2.111111111111111,0.3606521378236379,526.6967736338916,False,True,False
165,22.454602753375916,23.972532062892448,20.93667344385938,44.90920550675183,4.0,8,4.741289294849838,9.5,19,6.5,1.9,0.17809754001097627,426.6374523141424,False,False,True
167,6.096689447677177,6.145869673706975,6.047509221647378,12.193378895354353,5.0,10,1.016114907946196,14.0,28,5.5,2.3333333333333335,0.819445178728889,170.70730453496094,True,False,False
168,4.3418252488934606,5.442571426935501,3.241079070851419,8.683650497786921,5.0,10,0.7128630090091064,4.5,9,18.5,0.75,1.15026478261872,39.07642724004114,False,False,True
169,5.537566192586073,5.537566192586073,5.537566192586073,5.537566192586073,2.0,2,1.845855397528691,1.0,1,15.0,0.3333333333333333,0.36051845630483104,5.537566192586073,True,False,False
170,6.84100499368906,12.176653477978764,0.8007534330438275,34.2050249684453,6.2,31,0.9175232525238133,14.2,71,10.2,1.972222222222222,0.9060347034260432,485.71135455192325,False,False,True
171,0.6881031747249687,0.6881031747249687,0.6881031747249687,0.6881031747249687,8.0,8,0.0764559083027743,12.0,12,12.0,1.3333333333333333,11.45962414961335,8.257238096699625,False,True,False
172,17.99789305959609,41.89173989120707,0.3167967882425784,71.99157223838436,4.5,18,3.504892005460381,12.75,51,12.75,2.3181818181818183,0.24999454095815032,917.8925460394006,False,True,False
173,17.349074966101064,33.55804307819909,2.6521564296584947,69.39629986440426,4.75,19,3.5736164134212385,10.5,42,10.75,1.826086956521739,0.2737503661356301,728.6611485762447,True,False,False
174,25.965461334703946,28.834637873204144,23.096284796203747,51.93092266940789,4.0,8,5.1930922669407895,10.0,20,11.5,2.0,0.15402113764744174,519.3092266940789,True,False,False
175,5.753195628284312,5.753195628284312,5.753195628284312,5.753195628284312,4.0,4,1.1506391256568624,16.0,16,21.0,3.2,0.6940593826746064,92.051130052549,False,True,False
176,6.136449844452999,9.070086402878069,3.2028132860279293,12.272899688905998,6.0,12,0.8241750176515745,9.5,19,20.5,1.3571428571428572,0.9769680046185255,116.59254704460697,False,True,False
177,4.7421892511397274,9.163421034919134,0.3209574673603211,9.484378502279455,8.0,16,0.526909916793303,10.0,20,6.0,1.1111111111111112,1.6852077254091613,94.84378502279455,True,False,False
178,11.249099456978083,16.494578429710735,6.003620484245429,22.498198913956166,6.0,12,1.5312128588773732,5.5,11,9.5,0.7857142857142857,0.5331390594988665,123.74009402675891,False,True,False
179,7.174423275153209,11.409958207372403,2.938888342934014,14.348846550306417,6.5,13,0.9986775362456904,8.0,16,7.5,1.0666666666666667,0.9053652014773137,114.79077240245134,True,False,False
180,6.0415636875694245,11.84001709087617,0.702476502911083,18.124691062708273,5.0,15,0.9207641861282322,14.666666666666666,44,12.333333333333334,2.444444444444444,0.8271439501302355,265.8288022530547,False,False,True
181,9.845918221289514,17.09823698571196,2.593599456867067,19.691836442579028,4.0,8,2.3534129112862505,4.0,8,12.0,0.8,0.4060535180725912,78.76734577031611,True,False,False
182,35.006104544244,35.006104544244,35.006104544244,35.006104544244,3.0,3,8.751526136060999,7.0,7,16.0,1.75,0.08567486415313277,245.04273180970802,True,False,False
183,0.0981889538456322,0.0981889538456322,0.0981889538456322,0.0981889538456322,3.0,3,0.024547238461408,4.0,4,11.0,1.0,27.729263417044457,0.3927558153825288,False,False,True
184,4.082648863007411,4.082648863007411,4.082648863007411,4.082648863007411,4.0,4,0.8165297726014822,17.0,17,10.0,3.4,0.9773621275343594,69.40503067112599,False,False,True
185,1.72694175461279,1.72694175461279,1.72694175461279,1.72694175461279,6.0,6,0.2467059649446842,4.0,4,13.0,0.5714285714285714,3.4543472652815335,6.90776701845116,True,False,False
186,14.498427742468985,36.80639977890095,2.728291200595943,43.49528322740696,2.6666666666666665,8,3.734623386948081,8.333333333333334,25,14.666666666666666,2.272727272727273,0.18388571241297544,362.4606935617246,True,False,False
187,14.392375363911658,24.632927352528128,2.251797730670229,57.56950145564663,3.25,13,3.826045665537952,11.0,44,8.75,2.588235294117647,0.22577479261458824,633.264516012113,False,True,False
188,2.843303091574821,3.8872476125613575,1.4661255122827863,8.529909274724464,6.666666666666667,20,0.37432083971994984,7.333333333333333,22,10.666666666666666,0.9565217391304347,2.3419452545232446,62.552668014646066,True,False,False
189,5.299168525424944,6.324155711397736,4.274181339452152,10.598337050849889,6.0,12,0.7514415102500378,16.0,32,12.0,2.2857142857142856,1.131185777985685,169.57339281359822,True,False,False
190,4.426351483343734,8.913973756649446,1.2431461585777974,26.558108900062404,3.1666666666666665,19,1.3650481832494308,10.666666666666666,64,13.666666666666666,2.56,0.7151431090360885,283.286494933999,False,False,True
191,9.799091234616514,27.583812054019667,0.8529543037633426,29.397273703849542,4.0,12,1.9663494326492632,5.666666666666667,17,13.333333333333334,1.1333333333333333,0.4080623086943672,166.58455098848074,True,False,False
192,11.988368794994091,27.61921647512969,4.9839249708571725,59.94184397497045,4.8,24,2.4269829077349927,9.6,48,9.8,1.6551724137931034,0.40032129804080524,575.4417021597164,False,True,False
194,7.359422566249381,13.209300151268554,1.5095449812302086,14.718845132498762,8.0,16,1.0121371203413345,10.0,20,8.5,1.1111111111111112,1.0863037703272793,147.18845132498762,False,False,True
195,0.18561887410766,0.18561887410766,0.18561887410766,0.18561887410766,3.0,3,0.046404718526915,3.0,3,12.0,0.75,15.335943495661528,0.55685662232298,False,True,False
196,13.205427992000997,15.922725389316394,10.4881305946856,26.410855984001994,7.5,15,1.661744057542594,6.5,13,12.0,0.7647058823529411,0.5677333092115789,171.67056389601296,True,False,False
197,6.523543915152494,6.523543915152494,6.523543915152494,6.523543915152494,4.0,4,1.3047087830304989,5.0,5,3.0,1.0,0.612225164772102,32.61771957576247,False,False,True
198,13.864955037258932,25.36307940963276,2.8566961854883792,41.5948651117768,5.0,15,4.969892488633606,13.0,39,11.0,2.1666666666666665,0.3605347586081719,540.7332464530983,True,False,False
199,13.86136255215999,13.86136255215999,13.86136255215999,13.86136255215999,6.0,6,1.98019465030857,10.0,10,15.0,1.4285714285714286,0.4325458279558633,138.61362552159991,False,False,True
201,4.259969301944951,6.898880428028177,0.8363571259200016,12.779907905834852,5.333333333333333,16,0.8828204927352491,12.333333333333334,37,11.0,1.9473684210526319,1.25098633374058,157.61886417196317,False,False,True
202,8.586364528912897,16.409351832266424,0.7633772255593707,17.172729057825794,6.5,13,0.9752454261447489,10.5,21,13.0,1.4,0.7565736476580948,180.31365510717083,False,True,False
203,1.033678017263755,1.5041745420945718,0.5631814924329379,2.06735603452751,4.5,9,0.1973492452455353,10.0,20,10.0,1.8181818181818181,4.332430190305357,20.6735603452751,True,False,False
204,0.0640634861741516,0.0640634861741516,0.0640634861741516,0.0640634861741516,2.0,2,0.0213544953913838,9.0,9,3.0,3.0,27.003859841234515,0.5765713755673644,True,False,False
206,1.3427689691187177,1.8504734406558088,0.8350644975816266,2.6855379382374354,4.5,9,0.2909566441949494,11.5,23,10.5,2.090909090909091,3.338851170421642,30.883686289730505,True,False,False
207,4.103836013804233,4.103836013804233,4.103836013804233,4.103836013804233,6.0,6,0.5862622876863189,7.0,7,9.0,1.0,1.458492749800096,28.726852096629628,False,False,True
208,15.798565341579028,22.495394902897434,7.167791122084008,47.395696024737084,5.666666666666667,17,2.872699258294604,9.0,27,15.666666666666666,1.3499999999999999,0.3586066955145879,426.5612642226338,False,True,False
212,4.919353427114065,4.919353427114065,4.919353427114065,4.919353427114065,5.0,5,0.8198922378523442,19.0,19,14.0,3.1666666666666665,1.0143318132754169,93.46771511516724,True,False,False
213,16.774859956980983,22.55766754330613,10.992052370655834,33.549719913961965,4.5,9,2.979010865674428,12.5,25,9.0,2.272727272727273,0.2681786386499519,419.3714989245246,False,True,False
214,8.136504219047422,8.136504219047422,8.136504219047422,8.136504219047422,4.0,4,1.6273008438094845,1.0,1,3.0,0.2,0.49100815422737526,8.136504219047422,True,False,False
215,22.52376211911063,41.40397036841309,6.210553018734389,112.61881059555314,3.4,17,5.934448997625537,8.0,40,11.0,1.8181818181818181,0.15093828932498024,900.9504847644251,False,False,True
216,16.986630340361796,16.986630340361796,16.986630340361796,16.986630340361796,10.0,10,1.5442391218510725,5.0,5,23.0,0.45454545454545453,0.5883519144528936,84.93315170180898,False,False,True
217,2.6008365722712745,4.73664984802472,0.6636305079345967,13.004182861356373,3.6,18,0.6120799159165384,10.0,50,16.0,2.173913043478261,1.3831064302506653,130.04182861356372,False,True,False
218,14.156261299994128,25.36693546378928,3.4056336843654176,56.62504519997651,6.25,25,2.027660209434796,7.25,29,10.75,1.0,0.44142279593360984,410.5315776998297,False,True,False
220,8.23978374043306,25.574693578456262,0.2968351154302202,49.43870244259836,7.0,42,0.9804900406443755,10.166666666666666,61,13.666666666666666,1.2708333333333333,0.8493650576322997,502.62680816641665,False,True,False
221,20.270199251908405,20.270199251908405,20.270199251908405,20.270199251908405,5.0,5,3.378366541984734,15.0,15,20.0,2.5,0.24654590114687805,304.05298877862606,True,False,False
222,16.035077759391406,17.75607071141798,14.314084807364829,32.07015551878281,3.0,6,4.0087694398478515,18.0,36,5.5,4.5,0.18703151225333128,577.2627993380906,True,False,False
223,14.105056296347762,22.52050318785216,3.580524164282398,56.42022518539105,4.25,17,2.653842461152658,5.5,22,8.25,1.0476190476190477,0.30125699382112425,310.3112385196508,False,True,False
224,11.019700970513394,22.830820100664766,5.0065156489585885,44.07880388205358,5.25,21,1.7373609494648596,11.5,46,16.5,1.84,0.47631140223670454,506.90624464361616,False,False,True
225,12.60388593800041,28.106166839322093,4.186745935450927,37.81165781400123,2.6666666666666665,8,3.142430790447085,9.0,27,19.0,2.4545454545454546,0.21151902011652365,340.3049203260111,True,False,False
226,0.4810466429197721,0.4810466429197721,0.4810466429197721,0.4810466429197721,5.0,5,0.0801744404866287,13.0,13,4.0,2.1666666666666665,10.182332110591187,6.253606357957038,False,False,True
227,3.909724233678079,6.538088487800127,2.0707798214607083,15.638896934712315,4.5,18,0.7332375745957633,10.0,40,16.75,1.8181818181818181,1.1502408172982772,156.38896934712315,True,False,False
228,1.2807096265357143,1.2807096265357143,1.2807096265357143,1.2807096265357143,3.0,3,0.3201774066339286,12.0,12,22.0,3.0,2.3243028008182205,15.368515518428572,True,False,False
229,12.336964496526026,20.99324811291424,3.6806808801378086,24.67392899305205,3.5,7,2.5594099213086494,10.5,21,15.0,2.3333333333333335,0.2835853239559365,259.07625442704654,False,True,False
230,7.922090110522804,9.175837185053467,6.66834303599214,15.844180221045608,4.0,8,1.702674901131029,7.0,14,1.5,1.4,0.5045987801614877,110.90926154731926,True,False,False
231,8.508222517353895,13.125513634605074,2.064917454545804,34.03289006941558,4.0,16,1.701644503470779,8.25,33,11.0,1.65,0.4699953490251563,280.7713430726785,False,False,True
233,10.037260646608894,20.260316221935163,0.7811050579224701,60.22356387965337,5.666666666666667,34,1.383863206858216,14.833333333333334,89,11.166666666666666,2.225,0.5644693391865702,893.3161975481916,True,False,False
234,1.1724388509877737,1.1724388509877737,1.1724388509877737,1.1724388509877737,7.0,7,0.1465548563734716,10.0,10,23.0,1.25,5.91996786485188,11.724388509877738,False,False,True
235,12.98902978817889,12.98902978817889,12.98902978817889,12.98902978817889,4.0,4,2.597805957635778,11.0,11,11.0,2.2,0.3077152729996462,142.87932766996778,False,False,True
236,5.1664731398811705,5.1664731398811705,5.1664731398811705,5.1664731398811705,1.0,1,2.5832365699405853,13.0,13,8.0,6.5,0.19318172295644437,67.16415081845521,True,False,False
237,14.097146039754627,27.861272652612406,6.834870443120784,42.29143811926388,4.333333333333333,13,2.402652807667464,4.0,12,12.0,0.75,0.3073181569701731,169.16575247705552,False,True,False
238,12.390149817913723,23.027715288531816,1.7525843472956315,24.780299635827447,6.5,13,1.754373328029678,7.5,15,9.5,1.0,0.5243986636293873,185.85224726870587,True,False,False
239,3.347834334811802,4.245485326894826,2.7902934427777346,10.043503004435406,3.3333333333333335,10,0.9393360299633366,10.666666666666666,32,11.666666666666666,2.4615384615384612,0.9946781729301915,107.13069871397767,False,False,True
240,5.347463755634156,6.022823505761551,4.672104005506762,10.694927511268313,4.0,8,1.1421949386790906,13.0,26,8.0,2.6,0.7473193995549219,139.03405764648807,False,True,False
241,6.378566440452717,6.378566440452717,6.378566440452717,6.378566440452717,2.0,2,2.126188813484239,4.0,4,1.0,1.3333333333333333,0.31305927842213577,25.51426576181087,True,False,False
242,10.599268322592984,19.977380588267938,0.7889530497623504,42.397073290371935,3.75,15,2.572844881968921,8.5,34,9.0,1.7894736842105263,0.3537145772190223,360.37512296816146,False,True,False
243,1.78715198965518,1.78715198965518,1.78715198965518,1.78715198965518,3.0,3,0.446787997413795,17.0,17,4.0,4.25,1.6693078923033164,30.38158382413806,False,False,True
244,5.050801312991798,5.050801312991798,5.050801312991798,5.050801312991798,5.0,5,0.8418002188319663,1.0,1,16.0,0.16666666666666666,0.9879858328293364,5.050801312991798,True,False,False
246,13.631853854187305,26.886609755685512,0.3770979526890972,27.26370770837461,4.5,9,2.7200858049593095,16.5,33,5.5,3.0,0.32998813715512826,449.85117718818105,False,True,False
247,9.62282319120251,19.010057185416063,0.2489422228251131,38.49129276481004,6.25,25,2.1184801721185527,15.5,62,10.75,2.1379310344827585,0.6493288459874744,596.6150378545557,False,True,False
249,3.1333279661245736,3.1333279661245736,3.1333279661245736,3.1333279661245736,8.0,8,0.3481475517916192,10.0,10,13.0,1.1111111111111112,2.545073274636132,31.333279661245736,False,True,False
250,2.4404100869193623,4.183560899891112,0.6972592739476131,4.880820173838725,4.0,8,0.43578737473009777,7.5,15,16.0,1.5,1.6357174698003527,36.60615130379043,True,False,False
251,14.476731287868812,14.476731287868812,14.476731287868812,14.476731287868812,6.0,6,2.0681044696955446,6.0,6,12.0,0.8571428571428571,0.4141721055476745,86.86038772721287,True,False,False
252,2.692580132849127,10.328232650944573,0.2027536075031451,16.15548079709476,6.0,36,0.5728901176461917,8.0,48,6.166666666666667,1.1428571428571428,2.2269674779156503,129.24384637675809,False,True,False
253,15.796439286561384,24.92699843537641,9.662437301484182,78.98219643280692,5.6,28,2.9431394182123496,14.6,73,8.2,2.2121212121212124,0.35446539360147583,1153.140067918981,False,True,False
254,1.4446021691174902,3.0032625214727853,0.199073812921394,4.33380650735247,5.666666666666667,17,0.1888700133447443,9.333333333333334,28,8.333333333333334,1.4000000000000001,3.9136181529322815,40.44886073528973,True,False,False
255,6.380834824413061,8.704530682924435,4.057138965901687,12.761669648826121,4.5,9,1.7043262991895947,11.0,22,20.0,2.0,0.7046846847332302,140.37836613708734,False,True,False
256,7.563639504766651,7.806698461517366,7.320580548015936,15.127279009533302,2.0,4,2.5212131682555503,14.5,29,9.5,4.833333333333333,0.2642482838217385,219.34554563823286,True,False,False
257,0.8440225571104514,1.2198327214413545,0.4682123927795484,1.6880451142209028,6.5,13,0.14539389178311285,7.0,14,22.0,0.9333333333333333,7.655862551075188,11.81631579954632,True,False,False
258,4.77109825161546,9.318477025886182,0.2237194773447386,9.54219650323092,6.0,12,0.5400651158392616,8.0,16,13.0,1.1428571428571428,1.2562555634132042,76.33757202584736,True,False,False
259,3.4102045234033533,8.453890920690059,0.1318094482565922,10.23061357021006,7.666666666666667,23,0.4845568079414197,12.0,36,9.0,1.3846153846153844,2.2459591744489793,122.76736284252073,False,True,False
260,0.4010573010001542,0.4010573010001542,0.4010573010001542,0.4010573010001542,3.0,3,0.1002643252500385,14.0,14,22.0,3.5,7.29825256162735,5.614802214002158,False,True,False
261,2.8230684939514097,2.8230684939514097,2.8230684939514097,2.8230684939514097,6.0,6,0.4032954991359156,6.0,6,7.0,0.8571428571428571,2.117845019564468,16.938410963708456,True,False,False
262,9.35822222872194,9.35822222872194,9.35822222872194,9.35822222872194,7.0,7,1.1697777785902423,19.0,19,23.0,2.375,0.7472068690406136,177.80622234571686,False,True,False
263,3.15731365692666,3.15731365692666,3.15731365692666,3.15731365692666,7.0,7,0.3946642071158325,3.0,3,17.0,0.375,2.210074769415894,9.471940970779979,False,False,True
264,10.29515184682985,28.95561603120832,0.2149886416026131,51.47575923414925,4.4,22,2.6111087519476373,8.4,42,7.8,1.5555555555555556,0.4273026236235036,432.3963775668537,True,False,False
265,8.780455461545708,16.181158725967258,1.3797521971241586,17.560910923091416,6.5,13,1.013932612314083,12.0,24,10.5,1.6,0.7398591943753811,210.730931077097,False,False,True
267,6.038346502936217,6.038346502936217,6.038346502936217,6.038346502936217,11.0,11,0.5031955419113514,11.0,11,11.0,0.9166666666666666,1.8186788727563747,66.42181153229839,False,True,False
268,14.073230830921869,30.13154406385109,5.283055564893023,56.292923323687475,4.75,19,2.675450316392943,11.25,45,8.5,1.9565217391304348,0.33746027521108163,633.295387391484,True,False,False
269,26.276545538067545,26.276545538067545,26.276545538067545,26.276545538067545,9.0,9,2.6276545538067544,2.0,2,16.0,0.2,0.3423804769997798,52.55309107613509,False,False,True
270,2.3489903118153324,2.3489903118153324,2.3489903118153324,2.3489903118153324,8.0,8,0.2609989235350369,14.0,14,4.0,1.5555555555555556,3.391281413887494,32.885864365414655,False,False,True
271,12.861557264726292,35.03708554375962,2.4622525594093334,51.44622905890517,5.0,20,2.189712315021973,10.5,42,18.75,1.75,0.38867986181235215,540.1854051185043,False,True,False
272,13.972495243158566,17.411479129444768,10.533511356872364,27.94499048631713,8.0,16,1.5438245378682427,13.0,26,13.5,1.4444444444444444,0.5723486118813516,363.2848763221227,False,False,True
273,5.742861293670266,6.428614051984583,5.057108535355948,11.485722587340533,3.5,7,1.3092876100336674,2.5,5,9.0,0.5555555555555556,0.608922140110499,28.71430646835133,False,False,True
274,39.13653097580592,39.13653097580592,39.13653097580592,39.13653097580592,2.0,2,13.04551032526864,11.0,11,14.0,3.6666666666666665,0.05109009534551294,430.5018407338651,False,True,False
275,3.2334597917928507,3.933242043889271,2.5336775396964306,6.466919583585701,6.0,12,0.5133717946565173,15.5,31,10.5,2.2142857142857144,1.8527325907228038,100.23725354557837,True,False,False
277,6.709871592913633,14.79807080960515,1.5007441883071553,26.839486371654534,6.25,25,0.9724667502240203,8.0,32,9.5,1.103448275862069,0.9311165082991282,214.71589097323627,False,False,True
278,15.966501337527326,15.966501337527326,15.966501337527326,15.966501337527326,5.0,5,2.6610835562545545,11.0,11,4.0,1.8333333333333333,0.3129596332994047,175.6315147128006,False,True,False
279,19.224447231629814,31.156763527532792,7.292130935726833,38.44889446325963,4.5,9,3.1626528764252715,7.0,14,5.5,1.2727272727272727,0.2340160871914256,269.14226124281737,True,False,False
280,3.8246647081735774,7.708830241238818,0.4022510120537909,19.123323540867887,6.6,33,0.48479783299213636,11.0,55,11.8,1.4473684210526316,1.724739558682188,210.35655894954675,True,False,False
281,10.752377151704026,10.752377151704026,10.752377151704026,10.752377151704026,2.0,2,3.5841257172346754,4.0,4,5.0,1.3333333333333333,0.18583255091402706,43.009508606816105,False,False,True
283,5.922640814432369,9.754214576995755,1.499768206164258,23.690563257729476,7.0,28,0.9709989504942089,6.25,25,9.0,0.78125,1.1814065216727854,148.06602036080923,False,True,False
284,12.18508738002732,16.864545693479233,5.782748811138804,48.74034952010928,6.25,25,1.9973020910355066,11.5,46,14.5,1.5862068965517242,0.5128168361067366,560.5140194812567,True,False,False
285,31.306584235919637,41.33770529131774,21.27546318052153,62.61316847183927,5.0,10,5.217764039319939,9.0,18,15.0,1.5,0.15968530887249588,563.5185162465534,False,True,False
286,7.206741750201289,13.395390904239632,0.8183768960808725,28.826967000805155,4.25,17,1.8446497769603896,12.25,49,10.5,2.3333333333333335,0.5895210824191512,353.13034575986313,False,True,False
288,23.31248810753823,25.93583557475256,20.6891406403239,46.62497621507646,7.5,15,3.101735114880466,14.0,28,16.5,1.6470588235294117,0.3216469958260792,652.7496670110704,True,False,False
289,6.607166028178972,15.134252301294657,0.1840084458270002,26.42866411271589,2.5,10,1.9446434686120522,13.75,55,15.5,3.9285714285714284,0.3782339363807122,363.3941315498435,True,False,False
290,12.248207317775186,12.852555799970684,11.64385883557969,24.496414635550373,4.5,9,2.3735220544453672,9.0,18,7.5,1.6363636363636365,0.3672507844923221,220.46773171995335,True,False,False
292,4.960709063634735,4.960709063634735,4.960709063634735,4.960709063634735,4.0,4,0.992141812726947,16.0,16,12.0,3.2,0.8047141662873902,79.37134501815576,False,False,True
293,2.9827508353350463,2.9827508353350463,2.9827508353350463,2.9827508353350463,5.0,5,0.4971251392225077,12.0,12,22.0,2.0,1.6707037354949856,35.79301002402055,False,True,False
294,4.755992785758921,5.077780948546781,4.434204622971061,9.511985571517842,6.5,13,0.6398364281176043,4.5,9,6.5,0.6,1.3652614680372541,42.80393507183029,False,True,False
295,5.122456594790224,5.122456594790224,5.122456594790224,5.122456594790224,5.0,5,0.8537427657983706,5.0,5,11.0,0.8333333333333334,0.9741923594785632,25.612282973951118,True,False,False
296,12.494918749560258,12.494918749560258,12.494918749560258,12.494918749560258,4.0,4,2.4989837499120515,19.0,19,7.0,3.8,0.3198741295412785,237.4034562416449,True,False,False
298,29.209117092646856,29.209117092646856,29.209117092646856,29.209117092646856,5.0,5,4.868186182107809,16.0,16,20.0,2.6666666666666665,0.17112084475879924,467.3458734823497,True,False,False
299,17.655975413946532,17.655975413946532,17.655975413946532,17.655975413946532,4.0,4,3.5311950827893064,12.0,12,8.0,2.4,0.22642395374569416,211.87170496735837,False,False,True
301,10.177271502890552,11.366329578930316,8.988213426850786,20.354543005781103,2.0,4,3.965109073088927,15.0,30,23.0,5.0,0.19641982630616736,305.3181450867165,False,True,False
302,2.6127816756869473,2.828962537585316,2.396600813788579,5.225563351373895,4.0,8,0.5225563351373895,17.5,35,17.0,3.5,1.528011307111903,91.44735864904315,True,False,False
303,10.251555604592625,20.243345669765105,0.2597655394201447,20.50311120918525,5.5,11,1.7055001538675785,14.5,29,8.0,2.230769230769231,0.536242400668821,297.2951125331861,True,False,False
304,11.733744503436675,19.35836337453929,3.5257153960555088,58.668722517183376,3.8,19,3.3566254029868348,8.0,40,17.2,1.6666666666666667,0.3237970968852649,469.349780137467,False,False,True
305,22.974795390854727,43.99977979112302,1.949810990586438,45.94959078170945,4.5,9,4.562462228327838,9.0,18,5.0,1.6363636363636365,0.19582419788606412,413.5463170353851,True,False,False
306,0.6758993548947433,0.6758993548947433,0.6758993548947433,0.6758993548947433,7.0,7,0.0844874193618429,1.0,1,20.0,0.125,10.205578923564094,0.6758993548947433,False,True,False
307,9.404449214279195,17.21807963541003,1.5908187931483595,18.80889842855839,3.5,7,2.31134183374109,1.5,3,19.0,0.3333333333333333,0.37196651156675753,28.213347642837583,True,False,False
308,18.563435273885187,34.770842165267744,2.356028382502632,37.12687054777037,4.0,8,3.192073728251808,10.0,20,9.0,2.0,0.21541933614759862,371.26870547770375,False,True,False
309,30.802237864417087,30.802237864417087,30.802237864417087,30.802237864417087,4.0,4,6.160447572883418,15.0,15,15.0,3.0,0.12981854864295078,462.0335679662563,False,True,False
310,18.174995857727218,20.28504927719324,16.064942438261195,36.349991715454436,4.5,9,3.296915016925556,10.5,21,4.0,1.9090909090909092,0.24752480887322767,381.6749130122716,False,True,False
311,4.309756410730744,4.309756410730744,4.309756410730744,4.309756410730744,3.0,3,1.077439102682686,6.0,6,16.0,1.5,0.6944836038781433,25.858538464384463,False,True,False
312,7.348771515836008,8.679110548652707,6.018432483019309,14.697543031672016,5.0,10,1.2247952526393346,4.5,9,18.0,0.75,0.6799232188860819,66.13894364252407,True,False,False
313,21.713616587242697,21.713616587242697,21.713616587242697,21.713616587242697,7.0,7,2.714202073405337,6.0,6,1.0,0.75,0.3222299552143074,130.28169952345618,True,False,False
314,5.752245484169262,8.027541190214876,2.660611659594968,17.256736452507788,4.666666666666667,14,1.1295632200841956,8.0,24,7.333333333333333,1.4117647058823528,0.8108075338097065,138.0538916200623,True,False,False
315,15.9600536332649,15.9600536332649,15.9600536332649,15.9600536332649,6.0,6,2.2800076618949854,11.0,11,18.0,1.5714285714285714,0.3757031840833816,175.5605899659139,False,True,False
316,8.295707327233751,11.01396317172307,3.8382960704015896,24.887121981701256,6.0,18,1.4351016923152657,12.333333333333334,37,18.333333333333332,1.761904761904762,0.7229751299459245,306.9411711076488,True,False,False
317,13.825886969611128,18.589924906761503,10.19209613568501,41.477660908833386,6.666666666666667,20,1.8746500780094362,10.0,30,11.0,1.3043478260869565,0.4820710438206865,414.7766090883338,True,False,False
318,13.078185045330741,21.959580984800336,2.9008369925940998,39.234555135992224,5.0,15,2.273984914949502,10.0,30,8.666666666666666,1.6666666666666667,0.3822186274763783,392.34555135992224,True,False,False
319,2.541706672405863,2.541706672405863,2.541706672405863,2.541706672405863,6.0,6,0.3631009532008376,5.0,5,19.0,0.7142857142857143,2.3513674455155664,12.708533362029314,False,False,True
320,9.730904753530854,9.730904753530854,9.730904753530854,9.730904753530854,4.0,4,1.946180950706171,18.0,18,20.0,3.6,0.41063947356123076,175.15628556355537,True,False,False
321,13.594013144638652,20.409816863741813,6.778209425535491,27.188026289277303,6.0,12,1.840464339445154,1.5,3,16.0,0.21428571428571427,0.441208485952929,40.782039433915955,False,True,False
322,9.875329076281156,9.875329076281156,9.875329076281156,9.875329076281156,5.0,5,1.6458881793801925,19.0,19,10.0,3.1666666666666665,0.505800055963437,187.63125244934196,False,True,False
323,8.256397355276105,20.631417942820587,1.6376428319465086,24.769192065828317,5.333333333333333,16,1.2106785332669963,6.333333333333333,19,9.333333333333334,1.0,0.645703054300336,156.871549750246,False,False,True
324,8.94713786829075,8.94713786829075,8.94713786829075,8.94713786829075,5.0,5,1.491189644715125,6.0,6,12.0,1.0,0.5582140270164366,53.682827209744495,True,False,False
325,15.61397106231743,25.239254761530415,1.0815299766527462,46.84191318695229,5.0,15,2.8741811031599673,9.333333333333334,28,7.666666666666667,1.5555555555555556,0.32015768363921,437.19118974488805,True,False,False
326,7.941836158330877,11.38332648626447,4.500345830397283,15.883672316661753,5.5,11,1.1614924884312576,12.0,24,11.5,1.8461538461538463,0.6920993324159836,190.60406779994105,False,True,False
327,8.000706915501473,15.86050111031868,0.9093209451745584,24.002120746504417,5.666666666666667,17,1.233002559652868,7.333333333333333,22,2.3333333333333335,1.0999999999999999,0.7079757835415178,176.0155521410324,False,False,True
328,7.434123501127027,7.434123501127027,7.434123501127027,7.434123501127027,2.0,2,2.4780411670423423,16.0,16,12.0,5.333333333333333,0.26866829918891105,118.94597601803243,False,True,False
329,2.9873545435139577,2.9873545435139577,2.9873545435139577,2.9873545435139577,5.0,5,0.4978924239189929,19.0,19,2.0,3.1666666666666665,1.6681376618657315,56.75973632676519,False,False,True
330,10.465510056990958,10.755369936680887,10.175650177301028,20.931020113981916,5.0,10,2.357875554852427,6.5,13,15.5,1.0833333333333333,0.477531655362061,136.05163074088244,False,True,False
331,39.42774450705996,81.72445597818083,13.575379047493218,118.28323352117988,5.666666666666667,17,8.308054934139301,11.0,33,9.666666666666666,1.65,0.14371067130358073,1301.1155687329788,False,False,True
336,14.1990573116036,14.1990573116036,14.1990573116036,14.1990573116036,6.0,6,2.028436758800514,12.0,12,0.0,1.7142857142857142,0.4222658736903113,170.3886877392432,True,False,False
337,2.052121782608384,2.052121782608384,2.052121782608384,2.052121782608384,2.0,2,0.6840405942027946,16.0,16,16.0,5.333333333333333,0.9698748235277328,32.83394852173414,False,True,False
338,7.958866486498266,14.422545037326362,1.1336133854066337,23.8765994594948,2.6666666666666665,8,5.563863620250417,16.666666666666668,50,15.333333333333334,4.545454545454546,0.3349158181165901,397.9433243249133,False,False,True
339,4.366352818111042,6.020609719350464,2.71209591687162,8.732705636222084,6.5,13,0.5722400776546852,4.0,8,12.5,0.5333333333333333,1.4869538722817606,34.930822544888336,False,True,False
340,7.847063329350462,13.767773129369392,3.19691162558407,31.388253317401848,5.75,23,1.6775192640029999,10.5,42,13.25,1.5555555555555556,0.7325248244701789,329.57665983271943,False,False,True
341,3.0083969701011704,3.0083969701011704,3.0083969701011704,3.0083969701011704,3.0,3,0.7520992425252926,8.0,8,15.0,2.0,0.9939050528199564,24.067175760809363,False,False,True
342,3.730841638396881,8.392029176459022,0.1803560283194906,18.654208191984406,4.4,22,0.7472406861468579,7.6,38,13.4,1.4074074074074072,1.1787266715899682,141.77198225908148,False,False,True
343,1.655105091241217,1.655105091241217,1.655105091241217,1.655105091241217,3.0,3,0.4137762728103042,10.0,10,2.0,2.5,1.8016880831009374,16.551050912412173,False,True,False
344,5.717633916449286,8.839230578713735,2.596037254184837,11.435267832898573,4.0,8,1.3212402601879534,5.0,10,10.0,1.0,0.6989788370879879,57.176339164492866,False,True,False
345,4.1696218861959204,6.900364218488852,1.4388795539029895,8.339243772391841,3.5,7,0.8148436105245691,18.0,36,7.0,4.0,0.8383992839143901,150.10638790305313,True,False,False
346,0.9990035204971498,1.8603794010459396,0.2571414873264703,5.994021122982899,5.0,30,0.21114287830025844,6.666666666666667,40,13.666666666666666,1.1111111111111112,4.996651308431023,39.96014081988599,False,True,False
348,5.600395316114262,8.370551059265525,0.5878110672996271,16.801185948342784,3.3333333333333335,10,1.8978302113195087,4.0,12,10.333333333333334,0.9230769230769229,0.5948420314145523,67.20474379337114,False,False,True
349,9.046482127817612,11.660426557331409,4.794736997580961,45.23241063908806,6.4,32,1.4972976291611033,13.0,65,20.0,1.7567567567567566,0.7073009494404124,588.0213383081448,False,True,False
350,2.490848986205068,2.490848986205068,2.490848986205068,2.490848986205068,2.0,2,0.8302829954016892,7.0,7,9.0,2.3333333333333335,0.7997284166425879,17.435942903435475,False,False,True
351,4.6278511002436975,4.6278511002436975,4.6278511002436975,4.6278511002436975,6.0,6,0.6611215857490996,1.0,1,18.0,0.14285714285714285,1.2937025942218645,4.6278511002436975,True,False,False
352,7.487491368282313,14.280662228282086,0.6943205082825417,14.974982736564627,3.0,6,1.8718728420705781,3.0,6,13.0,0.75,0.4004008616813079,44.92494820969388,False,False,True
354,6.536873042851913,6.536873042851913,6.536873042851913,6.536873042851913,3.0,3,1.6342182607129785,12.0,12,11.0,3.0,0.4582340272010463,78.44247651422296,False,True,False
355,10.780416952922856,15.122407575727966,4.317478910836826,32.34125085876857,7.666666666666667,23,1.1875027964552594,9.666666666666666,29,9.0,1.1153846153846152,0.7109462351365626,312.63209163476284,False,False,True
357,6.528740083356961,7.792860190698895,5.719624967418865,19.586220250070884,3.3333333333333335,10,1.830503999408709,12.0,36,14.0,2.7692307692307687,0.5103024906021776,235.03464300085062,False,True,False
358,10.724923184658566,10.724923184658566,10.724923184658566,10.724923184658566,7.0,7,1.3406153980823208,12.0,12,23.0,1.5,0.6520773255279368,128.6990782159028,False,False,True
359,5.14841964712164,6.561213780285275,3.735625513958005,10.29683929424328,2.5,5,1.4427559748619934,4.0,8,8.0,1.1428571428571428,0.485114772556187,41.18735717697312,True,False,False
360,18.274477361494082,43.95558417405329,0.6796694017915648,91.3723868074704,4.6,23,3.463510993949863,8.4,42,16.6,1.5000000000000002,0.25168963958511725,767.5280491827515,True,False,False
361,4.570489296707228,8.803310136359215,0.3376684570552405,9.140978593414456,5.0,10,0.6625747125883251,12.0,24,13.0,2.0,1.0927793020078254,109.69174312097347,True,False,False
364,4.308959038412289,7.215250280723211,1.4026677961013676,8.617918076824578,5.5,11,0.7014614135913176,2.5,5,19.5,0.38461538461538464,1.2749309743154682,21.544795192061446,True,False,False
365,13.539865378104441,19.26789767756658,7.188517525924412,54.159461512417764,3.25,13,4.4149503703943465,2.75,11,11.25,0.6470588235294118,0.23998761732235221,148.93851915914885,False,False,True
366,29.652672211522034,29.652672211522034,29.652672211522034,29.652672211522034,3.0,3,7.413168052880509,7.0,7,3.0,1.75,0.10113721308071137,207.56870548065424,False,True,False
367,5.826053992997214,10.316390017200888,2.815000336004408,23.304215971988857,4.5,18,1.0744788208448104,11.0,44,11.25,2.0,0.7720611330711834,256.3463756918774,False,True,False
368,16.123757191107593,16.123757191107593,16.123757191107593,16.123757191107593,4.0,4,3.2247514382215186,5.0,5,22.0,1.0,0.2479273707059798,80.61878595553796,False,True,False
369,2.5754480106414857,8.201824240381105,0.2746985788444009,10.301792042565943,4.75,19,0.3552514400547944,11.5,46,9.75,2.0,1.8425507343020584,118.47060848950834,True,False,False
370,52.80049769049707,52.80049769049707,52.80049769049707,52.80049769049707,2.0,2,17.600165896832355,7.0,7,20.0,2.3333333333333335,0.037871258319155894,369.60348383347946,False,False,True
371,33.14282108388147,61.82194410847326,17.7043919242236,99.42846325164442,5.0,15,5.523803513980245,8.666666666666666,26,13.666666666666666,1.4444444444444444,0.15084706168517686,861.7133481809183,False,True,False
372,3.097014404570787,4.251771108907901,1.9422577002336727,6.194028809141574,7.0,14,0.451427144087342,14.0,28,12.5,1.75,2.2565981607582386,86.71640332798204,False,True,False
373,9.256538662804116,14.652830902062608,5.224056824545973,55.539231976824695,6.333333333333333,38,1.2384299724673868,8.833333333333334,53,14.0,1.2045454545454546,0.6840778647642458,490.59654912861816,False,True,False
374,7.7080502737742504,20.31832909367911,1.6242178992041616,30.832201095097002,4.5,18,1.474863285338805,11.25,45,12.75,2.0454545454545454,0.5836159340411494,346.86226231984125,False,True,False
375,0.1105672963169719,0.1105672963169719,0.1105672963169719,0.1105672963169719,4.0,4,0.0221134592633943,1.0,1,5.0,0.2,33.17649248336783,0.1105672963169719,True,False,False
376,2.237996748916361,2.237996748916361,2.237996748916361,2.237996748916361,1.0,1,1.1189983744581806,8.0,8,13.0,4.0,0.4448405009847308,17.903973991330886,True,False,False
377,4.078263155513094,4.078263155513094,4.078263155513094,4.078263155513094,8.0,8,0.4531403506125659,8.0,8,16.0,0.8888888888888888,1.956821196603223,32.62610524410475,True,False,False
379,2.066712253851899,2.474541581805539,1.6588829258982587,4.133424507703798,3.5,7,0.47520599031551825,8.5,17,16.0,1.8888888888888888,1.6894238055948698,35.13410831548228,False,True,False
380,5.808056433862591,15.838167006373084,1.12718914764678,23.232225735450363,4.75,19,1.0381863821539858,12.5,50,7.25,2.1739130434782608,0.817477646773739,290.40282169312957,False,False,True
383,16.381983211693512,16.381983211693512,16.381983211693512,16.381983211693512,6.0,6,2.340283315956216,13.0,13,4.0,1.8571428571428572,0.36603258571664427,212.96578175201566,False,True,False
384,8.398287819243016,14.714489225838568,3.4879997526233315,33.593151276972065,4.25,17,1.8137601112769661,12.0,48,10.75,2.2857142857142856,0.5059049331379211,403.1178153236648,True,False,False
385,8.70454222089306,13.334903038833922,2.62761578950931,34.81816888357224,3.75,15,1.9547072716230636,4.0,16,13.75,0.8421052631578947,0.4306858637944415,139.27267553428896,True,False,False
386,8.928011331009916,35.424699226222536,0.31629049095555,44.640056655049584,5.4,27,2.0226035819978625,10.2,51,17.4,1.5937499999999998,0.6047024801915118,455.32857788150574,True,False,False
387,15.307583791937477,29.42823736997211,1.1869302139028457,30.615167583874953,5.5,11,1.9579578570135414,9.5,19,16.5,1.4615384615384615,0.35918170798163473,290.8440920468121,True,False,False
388,13.162255614178399,26.52556048220781,6.176293433653791,39.4867668425352,5.333333333333333,16,1.8613476555399793,2.6666666666666665,8,13.333333333333334,0.42105263157894735,0.4050964491293283,105.29804491342719,False,True,False
390,5.37829365263933,6.226776150169474,4.5298111551091855,10.75658730527866,5.5,11,0.8222539879378707,4.0,8,9.5,0.6153846153846154,1.0216793574512606,43.02634922111464,True,False,False
391,9.710083879164715,9.832090864021628,9.588076894307802,19.42016775832943,6.0,12,1.413512086860335,11.0,22,15.5,1.5714285714285714,0.6175963146203807,213.62184534162373,False,True,False
392,22.47275317914943,43.06195772169812,1.8835486366007392,44.94550635829886,6.0,12,2.8483347439895277,10.5,21,8.5,1.5,0.2669305936487307,471.927816762138,False,True,False
393,11.325746455584667,24.345559395235988,0.5321465145712133,45.30298582233867,6.75,27,1.9203547583878084,10.75,43,13.25,1.3870967741935485,0.5958556804413754,487.0070975901407,False,False,True
394,8.015896961507531,12.315909951213124,3.7158839718019374,16.031793923015062,5.0,10,1.3035312148121632,10.5,21,9.0,1.75,0.6233716782543293,168.33383619165815,True,False,False
395,2.5438247370272538,2.5438247370272538,2.5438247370272538,2.5438247370272538,4.0,4,0.5087649474054508,19.0,19,9.0,3.8,1.5662781952124671,48.33267000351782,True,False,False
396,4.893879836318947,10.6491250119862,0.5337048567900803,19.575519345275787,5.5,22,0.6734618038220652,9.0,36,8.75,1.3846153846153846,1.1232788680330097,176.17967410748207,False,False,True
397,2.3765549379529536,5.265045758454232,0.7601308825538722,7.12966481385886,2.6666666666666665,8,1.0202236996501932,12.666666666666666,38,14.0,3.4545454545454546,1.1205007809990095,90.30908764221223,False,True,False
398,2.29497070389504,2.982546799289389,1.676647527706798,6.884912111685121,4.0,12,0.5275779773813544,8.666666666666666,26,10.0,1.7333333333333332,1.7404137725937152,59.669238301271044,True,False,False
400,5.455455315907048,7.527637204695544,3.383273427118551,10.910910631814096,4.5,9,0.9656304431031506,18.0,36,8.0,3.272727272727273,0.8241071009025362,196.3963913726537,False,True,False
401,10.129601309315198,24.56888527693557,0.0464278406634288,30.388803927945595,2.3333333333333335,7,3.013524561524349,13.0,39,13.333333333333334,3.9,0.23027221783436372,395.05445106329273,False,False,True
402,12.525463924945797,20.681346984880907,5.72925395091112,37.57639177483739,7.333333333333333,22,1.5139895145115332,9.666666666666666,29,10.0,1.1600000000000001,0.5853182218658226,363.23845382342813,False,True,False
403,17.68960517584614,27.236768857624742,5.355011145366069,53.06881552753842,4.666666666666667,14,3.8579919041621555,10.0,30,6.0,1.7647058823529411,0.26375871166033277,530.6881552753841,True,False,False
404,26.317504707959145,41.60624163187234,11.02876778404595,52.63500941591829,5.0,10,4.3862507846598575,13.0,26,12.5,2.1666666666666665,0.18995152837747042,684.2551224069377,False,False,True
407,18.108941029814105,34.89059664126715,1.3272854183610554,36.21788205962821,6.0,12,2.2912694082759515,13.0,26,9.0,1.8571428571428572,0.33123658678829077,470.8324667751667,False,False,True
408,2.4735721880787427,7.754235144000495,0.4941299889430068,9.89428875231497,5.5,22,0.3049729516274994,14.25,57,11.75,2.1923076923076925,2.2212599561839155,140.99361472048832,True,False,False
409,3.088007142705308,4.174078814107976,1.3023387998311675,9.264021428115925,4.666666666666667,14,0.6005541431112112,13.0,39,18.0,2.2941176470588234,1.5095932340156548,120.43227856550702,True,False,False
410,10.883036113465664,18.62932610814589,3.1367461187854384,21.76607222693133,4.0,8,4.853378159460562,13.0,26,16.5,2.6,0.36737571021215126,282.95893895010727,False,True,False
411,0.1994142268704589,0.3410753985783793,0.0577530551625385,0.3988284537409178,5.5,11,0.029175283066762397,11.5,23,4.5,1.7692307692307692,26.906150732284658,4.586527218020555,False,True,False
413,4.102404087286196,5.626557199241903,2.578250975330488,8.204808174572392,3.5,7,0.9611447474382867,13.5,27,6.5,3.0,0.8521197149395852,110.76491035672728,True,False,False
414,9.626704347430715,9.626704347430715,9.626704347430715,9.626704347430715,6.0,6,1.375243478204388,1.0,1,12.0,0.14285714285714285,0.6226194955954716,9.626704347430715,False,True,False
415,13.878316193686672,28.93432387380273,2.008050862086255,41.634948581060016,4.0,12,3.397862946204301,10.333333333333334,31,7.333333333333333,2.066666666666667,0.28815019369378114,430.22780200428684,False,True,False
416,25.19957292174813,30.004906531227626,20.394239312268635,50.39914584349626,7.5,15,3.1629195749868337,2.5,5,11.0,0.29411764705882354,0.29756504993300315,125.99786460874064,False,True,False
417,15.202030366033137,28.755684327996548,2.295888281608333,91.21218219619882,6.833333333333333,41,2.0765474591852393,9.166666666666666,55,15.166666666666666,1.1702127659574468,0.4494520851498381,836.1116701318225,True,False,False
418,20.896680759717512,40.3864216601592,1.4069398592758249,41.793361519435024,7.5,15,2.1198167872419478,12.5,25,12.5,1.4705882352941178,0.3588228184239746,522.4170189929378,True,False,False
419,2.7079452875679992,2.7079452875679992,2.7079452875679992,2.7079452875679992,4.0,4,0.5415890575135999,16.0,16,23.0,3.2,1.4716999706712919,43.32712460108799,False,True,False
420,3.948552633926049,6.76476013409331,1.6094690431018008,15.794210535704195,4.5,18,0.6752099311979638,5.0,20,7.0,0.9090909090909091,1.1389369914640894,78.97105267852098,False,True,False
422,9.366510642195864,22.318630208218277,1.9806456078014456,28.09953192658759,4.0,12,2.2708903174132,11.333333333333334,34,9.0,2.2666666666666666,0.4269014521956418,318.4613618346594,True,False,False
423,15.388818583307796,20.270106265290025,10.507530901325568,30.77763716661559,5.0,10,2.564803097217966,12.0,24,17.0,2.0,0.32480569866022213,369.3316459993871,False,True,False
424,1.3557671907079216,2.115704298088158,0.5958300833276848,2.7115343814158432,6.0,12,0.2446721011047983,10.5,21,9.5,1.5,4.409277384824789,28.471111004866355,True,False,False
427,10.62795094423143,10.62795094423143,10.62795094423143,10.62795094423143,5.0,5,1.7713251573719049,17.0,17,12.0,2.8333333333333335,0.4700153277837135,180.6751660519343,True,False,False
428,11.012890836523804,11.012890836523804,11.012890836523804,11.012890836523804,6.0,6,1.573270119503401,17.0,17,16.0,2.4285714285714284,0.5443218198368887,187.21914422090467,False,False,True
431,3.222827854842585,5.541445500698305,1.9915282538785,9.668483564527754,4.666666666666667,14,0.6804688735180852,13.333333333333334,40,11.0,2.3529411764705883,1.446507596635373,128.9131141937034,False,False,True
432,9.991657490890637,9.991657490890637,9.991657490890637,9.991657490890637,4.0,4,1.998331498178127,5.0,5,21.0,1.0,0.3999337113516576,49.958287454453185,False,False,True
434,5.283621780439496,8.201634571378747,2.3656089895002457,10.567243560878993,3.5,7,1.0777377125316032,15.0,30,17.5,3.3333333333333335,0.6617981291354781,158.5086534131849,True,False,False
435,11.398742917288647,11.398742917288647,11.398742917288647,11.398742917288647,4.0,4,2.27974858345773,4.0,4,13.0,0.8,0.35060830356151307,45.59497166915459,False,False,True
436,14.77879843609067,20.540355570023983,9.017241302157355,29.55759687218134,5.0,10,2.4631330726817784,11.0,22,10.5,1.8333333333333333,0.3382080743061163,325.1335655939947,False,True,False
438,24.58209560771301,24.58209560771301,24.58209560771301,24.58209560771301,6.0,6,3.511727943959002,3.0,3,0.0,0.42857142857142855,0.24398083415543378,73.74628682313903,False,True,False
439,6.884353444692405,8.677058455294674,5.091648434090136,13.76870688938481,2.5,5,2.678429457232682,9.5,19,4.0,2.7142857142857144,0.36287875488896765,130.8027154491557,False,False,True
440,9.453443180030728,9.453443180030728,9.453443180030728,9.453443180030728,4.0,4,1.8906886360061457,19.0,19,9.0,3.8,0.42267913738211,179.61542042058383,False,True,False
441,5.869395378044906,11.696575360111504,0.9860639372178696,23.477581512179626,4.25,17,1.4441455959593361,10.75,43,9.5,2.0476190476190474,0.723786737735622,252.38400125593097,False,True,False
442,8.808377992612106,20.17642991755739,2.0040127451653182,26.425133977836317,4.666666666666667,14,2.5300217259230724,12.666666666666666,38,4.333333333333333,2.2352941176470584,0.5295982237781676,334.71836371926,False,True,False
443,21.499434531292266,32.45998272272426,10.53888633986027,42.99886906258453,6.5,13,2.7815265158745714,2.5,5,9.5,0.3333333333333333,0.30226323740535926,107.49717265646133,True,False,False
444,10.330827293184674,22.709741251283575,0.9366363864100696,30.99248187955402,5.666666666666667,17,1.4499463525659764,7.0,21,7.0,1.05,0.5483431960720349,216.94737315687814,False,True,False
445,9.897325224087666,16.087144539299004,0.8597305690237871,39.589300896350665,5.25,21,1.6423246921407424,5.0,20,11.75,0.8,0.5303123925083053,197.94650448175332,False,False,True
446,12.950353299321343,23.450615229814417,2.6424253099706525,77.70211979592806,4.833333333333333,29,3.566564011716286,10.0,60,13.5,1.7142857142857144,0.3731721651159944,777.0211979592806,False,False,True
447,7.217581489611612,14.621971103392251,3.1064814560107075,21.652744468834836,3.6666666666666665,11,1.4554629260816032,9.0,27,13.333333333333334,1.9285714285714288,0.5077842290862628,194.87470021951353,False,True,False
448,4.931422569251883,4.931422569251883,4.931422569251883,4.931422569251883,2.0,2,1.643807523083961,4.0,4,10.0,1.3333333333333333,0.4047417463232241,19.725690277007534,False,False,True
449,14.674737584120884,14.674737584120884,14.674737584120884,14.674737584120884,2.0,2,4.891579194706962,9.0,9,13.0,3.0,0.13619582839278446,132.07263825708796,False,True,False
450,2.564434442215085,4.783513648988052,0.3453552354421181,5.12886888443017,3.0,6,0.6411086105537712,14.0,28,21.5,3.5,1.1675721126450413,71.80416438202238,False,True,False
451,27.837931480189607,57.68081615150759,5.636771906855924,83.51379444056882,3.6666666666666665,11,8.360414480757123,7.666666666666667,23,11.0,1.6428571428571432,0.13169899755724132,640.272424044361,True,False,False
453,9.189207367762306,16.090184272962414,4.395484777228535,27.56762210328692,8.0,24,0.9534377193948362,8.0,24,10.0,0.8888888888888888,0.870270827198676,220.54097682629532,False,False,True
455,5.285319453965136,6.423811416465936,4.146827491464336,10.570638907930272,6.5,13,0.7180203908212307,12.5,25,1.5,1.6666666666666667,1.2286592627460708,132.1329863491284,True,False,False
456,6.907633184062236,13.623680618684116,1.1271306878269605,34.53816592031118,5.0,25,1.2735876638679016,13.0,65,8.8,2.1666666666666665,0.7236274150606147,448.9961569640454,True,False,False
457,0.116885860509309,0.116885860509309,0.116885860509309,0.116885860509309,2.0,2,0.038961953503103,18.0,18,2.0,6.0,15.762197552762546,2.103945489167562,False,False,True
458,14.31392112603727,14.31392112603727,14.31392112603727,14.31392112603727,7.0,7,1.7892401407546588,16.0,16,6.0,2.0,0.4886930009182869,229.02273801659632,False,True,False
459,34.117354723119114,56.948734007443335,11.28597543879489,68.23470944623823,5.0,10,10.11845430339583,12.5,25,15.5,2.0833333333333335,0.14653150524258285,852.9338680779779,True,False,False
460,29.4117526486075,74.41722909704406,8.078355154069852,117.64701059443,5.75,23,4.4854901706780685,10.5,42,15.5,1.5555555555555556,0.19548346404348338,1235.293611241515,True,False,False
461,12.03301583899595,22.433033305364454,3.14367805728108,48.1320633559838,6.0,24,1.6139671452452353,6.75,27,13.75,0.9642857142857143,0.49852454022448806,324.8914276528907,False,True,False
462,11.279597980028505,20.545033221429357,6.208911092209176,33.838793940085516,5.333333333333333,16,3.945278670430163,10.0,30,14.0,1.5789473684210527,0.4726904015641149,338.38793940085515,True,False,False
463,5.063146312098644,5.063146312098644,5.063146312098644,5.063146312098644,6.0,6,0.723306616014092,4.0,4,23.0,0.5714285714285714,1.1826980005861367,20.252585248394578,False,True,False
464,4.417769300254704,8.68902383785272,0.1465147626566878,8.835538600509407,5.5,11,0.6328541234013467,14.0,28,12.5,2.1538461538461537,1.2435647501856495,123.6975404071317,False,True,False
466,15.134506386975708,15.134506386975708,15.134506386975708,15.134506386975708,6.0,6,2.16207234099653,19.0,19,16.0,2.7142857142857144,0.3961832658448351,287.5556213525385,False,False,True
467,20.0042614000331,20.0042614000331,20.0042614000331,20.0042614000331,8.0,8,2.222695711114789,1.0,1,15.0,0.1111111111111111,0.39971497524194266,20.0042614000331,False,True,False
469,19.356166291268067,37.24102809434093,1.4713044881952002,38.712332582536135,3.5,7,3.3486364225609444,12.5,25,7.0,2.7777777777777777,0.18077423370814746,483.9041572817017,True,False,False
470,4.165401504984376,6.018777734923394,2.3120252750453583,8.330803009968752,6.5,13,0.527045313749524,10.5,21,7.5,1.4,1.558602928814249,87.4734316046719,True,False,False
471,12.317950456461096,26.72905507299173,4.318786168482837,36.95385136938329,3.6666666666666665,11,2.6780929173272425,10.0,30,9.333333333333334,2.1428571428571432,0.2975880378393462,369.5385136938329,False,False,True
472,8.034291761266992,12.730961719916946,3.337621802617039,16.068583522533984,3.5,7,1.743759859219756,15.0,30,11.5,3.3333333333333335,0.43536173383616567,241.02875283800978,False,True,False
473,10.645518399332735,23.694956087096266,3.120617098152729,31.936555197998207,6.333333333333333,19,1.2476984868422056,13.333333333333334,40,7.0,1.8181818181818183,0.5947433105773655,425.8207359733094,True,False,False
474,23.896795489607996,39.73163467974408,3.087014976670156,71.69038646882399,4.666666666666667,14,4.424261855820711,10.666666666666666,32,11.0,1.8823529411764703,0.19525696707488924,764.6974556674559,False,True,False
475,9.484000005056268,14.070574526625856,5.904149873957085,28.452000015168807,6.0,18,1.5829311509085884,12.666666666666666,38,10.0,1.8095238095238095,0.6324221766006222,360.3920001921382,False,False,True
476,6.858473370387049,10.90062525147099,2.3948149349344345,27.433893481548196,6.0,24,1.0565879673065293,8.75,35,9.5,1.25,0.8745114834429857,240.04656796354672,True,False,False
477,3.899555786462384,9.885936903672963,0.5279527809977468,11.698667359387152,6.0,18,0.5084311837562271,4.666666666666667,14,13.333333333333334,0.6666666666666667,1.5373226898933907,54.59378101047338,True,False,False
478,19.7894932829614,19.7894932829614,19.7894932829614,19.7894932829614,4.0,4,3.95789865659228,1.0,1,21.0,0.2,0.2020253722069862,19.7894932829614,True,False,False
480,2.622350280519626,2.622350280519626,2.622350280519626,2.622350280519626,6.0,6,0.3746214686456608,4.0,4,15.0,0.5714285714285714,2.2793319127785683,10.489401122078505,True,False,False
481,11.152520106061544,21.12942960140853,3.40652191954146,33.45756031818463,5.666666666666667,17,2.116953290560927,8.666666666666666,26,12.0,1.2999999999999998,0.5079545637141358,289.9655227576002,False,False,True
484,2.1250944862359,4.108231243314293,0.2272558947754011,6.375283458707699,3.6666666666666665,11,0.4647364167092359,11.666666666666666,35,10.666666666666666,2.5,1.7227113050085738,74.37830701825649,True,False,False
485,20.40501343416277,33.53176389415692,8.587021498525601,81.62005373665107,2.75,11,7.873870628094466,14.25,57,6.75,3.8,0.13475429080920853,1163.0857657472777,False,True,False
487,8.940778697124795,11.33253897922851,6.549018415021083,17.88155739424959,7.0,14,1.1733014263349535,5.5,11,17.5,0.6875,0.7824919704586281,98.34856566837274,False,True,False
488,19.051986230442047,19.051986230442047,19.051986230442047,19.051986230442047,4.0,4,3.810397246088409,9.0,9,4.0,1.8,0.2098417211954538,171.46787607397843,True,False,False
489,22.833148568116304,22.833148568116304,22.833148568116304,22.833148568116304,2.0,2,7.611049522705435,18.0,18,9.0,6.0,0.0875536047071695,410.9966742260935,False,True,False
490,13.11989127483834,25.82248671355676,1.7516487495429405,39.35967382451502,6.0,18,1.5679363986954857,8.0,24,13.666666666666666,1.1428571428571428,0.4572047022851284,314.87739059612016,False,True,False
491,15.433927818755862,15.433927818755862,15.433927818755862,15.433927818755862,6.0,6,2.2048468312508374,16.0,16,17.0,2.2857142857142856,0.38850220425877063,246.9428451000938,False,True,False
492,6.814945797914232,11.138295391732502,1.8276238925679853,27.25978319165693,4.5,18,1.414575382174715,7.0,28,18.5,1.2727272727272727,0.6600712544537949,190.8184823415985,False,False,True
493,13.868957848308874,36.30194375144341,1.3374374911633842,41.60687354492662,4.666666666666667,14,2.748316569830091,10.666666666666666,32,18.0,1.8823529411764703,0.33640201215227267,443.80665114588396,False,False,True
494,20.770577666041703,20.770577666041703,20.770577666041703,20.770577666041703,7.0,7,2.596322208255213,1.0,1,7.0,0.125,0.336853003438829,20.770577666041703,False,False,True
496,6.93513584572172,11.87384114389186,1.996430547551579,13.87027169144344,4.5,9,1.6268323249544523,15.5,31,18.5,2.8181818181818183,0.648402293562315,214.9892112173733,True,False,False
497,3.6687299240927254,5.706239991288573,0.4042501639770315,18.343649620463626,4.8,24,0.6882376909149924,8.8,44,13.2,1.517241379310345,1.3076418312595934,161.4241166600799,False,True,False
499,6.527403876868105,8.457817212014195,4.596990541722014,13.05480775373621,5.5,11,1.1330936300590453,2.5,5,3.0,0.38461538461538464,0.8419565145804977,32.637019384340526,False,False,True
500,16.964265195367062,20.46006001744849,12.586832598530457,50.89279558610119,6.0,18,2.423466456481009,9.0,27,14.333333333333334,1.2857142857142858,0.3536151559604092,458.0351602749107,False,False,True
